sample	chrom	sub_start	sub_end	sub_type	coarse_type	parent_svtype	parent_pos	feature_class	gene_impact	gene	validated
Azucena	1	701626	701685	DEL	DEL	DEL	701626	CDS(coding)	truncated_gene	Os01g0113000|.	no
Azucena	1	701801	702821	invDUP	DUP	invDUP+INV+DEL+DEL+invDUP	701801	CDS(coding)	duplicated_gene	Os01g0113000|.	no
Azucena	1	702815	704255	DEL	DEL	DEL+DEL+invDUP	697025	CDS(coding)	truncated_gene	Os01g0113000|.	no
Azucena	1	704321	706421	INV	INV	invDUP+INV+DEL+DEL+invDUP	701801	CDS(coding)	inversion_breakpoint	Os01g0113000|.	no
Azucena	1	706433	706553	DEL	DEL	INS+DEL	706433	promoter	promoter_deletion	Os01g0113000|.	no
Azucena	1	706451	708042	DEL	DEL	invDUP+INV+DEL+DEL+invDUP	701801	promoter	promoter_deletion	Os01g0113000|.	no
Azucena	1	708725	710135	invDUP	DUP	DEL+DEL+invDUP	697025	promoter	promoter_duplication	Os01g0113150|.	no
Azucena	1	710171	711221	DEL	DEL	invDUP+INV+DEL+DEL+invDUP	701801	CDS(coding)	truncated_gene	Os01g0113150|.	no
Azucena	1	711251	712601	invDUP	DUP	invDUP+INV+DEL+DEL+invDUP	701801	CDS(coding)	duplicated_gene	Os01g0113150|.	no
Azucena	1	726797	727477	DEL	DEL	DEL	726797	promoter	promoter_deletion	Os01g0113325|.	no
Azucena	1	726797	727477	DEL	DEL	DEL	726797	promoter	promoter_deletion	Os01g0113350|.	no
Azucena	1	731157	731477	DEL	DEL	INS+DEL	731157	exon/UTR	utr_deletion	Os01g0113350|.	no
Azucena	1	731157	731477	DEL	DEL	INS+DEL	731157	exon/UTR	utr_deletion	Os01g0113400|OsRLCK4	no
Azucena	1	732592	733412	DEL	DEL	INS+DEL	732592	CDS(coding)	truncated_gene	Os01g0113400|OsRLCK4	no
Azucena	1	732592	733412	DEL	DEL	INS+DEL	732592	CDS(coding)	truncated_gene	Os01g0113450|.	no
Azucena	1	733634	734194	DEL	DEL	INS+DEL	733634	CDS(coding)	truncated_gene	Os01g0113400|OsRLCK4	no
Azucena	1	733634	734194	DEL	DEL	INS+DEL	733634	CDS(coding)	truncated_gene	Os01g0113450|.	no
Azucena	1	733634	734194	DEL	DEL	INS+DEL	733634	CDS(coding)	truncated_gene	Os01g0113500|.	no
Azucena	1	734539	734989	DEL	DEL	INS+DEL	734539	CDS(coding)	truncated_gene	Os01g0113400|OsRLCK4	no
Azucena	1	734539	734989	DEL	DEL	INS+DEL	734539	CDS(coding)	truncated_gene	Os01g0113500|.	no
Azucena	1	735139	735920	DEL	DEL	INS+DEL	735139	CDS(coding)	truncated_gene	Os01g0113400|OsRLCK4	no
Azucena	1	735139	735920	DEL	DEL	INS+DEL	735139	CDS(coding)	truncated_gene	Os01g0113500|.	no
Azucena	1	750860	752041	DEL	DEL	INS+DEL	750860	promoter	promoter_deletion	Os01g0113950|.	no
Azucena	1	752552	840052	DEL	DEL	DEL	752552	CDS(coding)	truncated_gene	Os01g0113900|.	no
Azucena	1	752552	840052	DEL	DEL	DEL	752552	CDS(coding)	truncated_gene	Os01g0113950|.	no
Azucena	1	752552	840052	DEL	DEL	DEL	752552	CDS(coding)	deleted_gene	Os01g0114000|.	no
Azucena	1	752552	840052	DEL	DEL	DEL	752552	CDS(coding)	deleted_gene	Os01g0114050|.	no
Azucena	1	752552	840052	DEL	DEL	DEL	752552	CDS(coding)	deleted_gene	Os01g0114100|OsRLCK5	no
Azucena	1	752552	840052	DEL	DEL	DEL	752552	CDS(coding)	deleted_gene	Os01g0114150|.	no
Azucena	1	752552	840052	DEL	DEL	DEL	752552	CDS(coding)	deleted_gene	Os01g0114200|.	no
Azucena	1	752552	840052	DEL	DEL	DEL	752552	CDS(coding)	deleted_gene	Os01g0114300|OsRLCK6	no
Azucena	1	752552	840052	DEL	DEL	DEL	752552	CDS(coding)	deleted_gene	Os01g0114400|OsRLCK7	no
Azucena	1	752552	840052	DEL	DEL	DEL	752552	CDS(coding)	deleted_gene	Os01g0114402|.	no
Azucena	1	752552	840052	DEL	DEL	DEL	752552	CDS(coding)	deleted_gene	Os01g0114550|.	no
Azucena	1	752552	840052	DEL	DEL	DEL	752552	CDS(coding)	deleted_gene	Os01g0114600|OsRLCK8	no
Azucena	1	752552	840052	DEL	DEL	DEL	752552	CDS(coding)	deleted_gene	Os01g0114650|.	no
Azucena	1	752552	840052	DEL	DEL	DEL	752552	CDS(coding)	deleted_gene	Os01g0114700|.	no
Azucena	1	752552	840052	DEL	DEL	DEL	752552	CDS(coding)	deleted_gene	Os01g0114800|.	no
Azucena	1	752552	840052	DEL	DEL	DEL	752552	CDS(coding)	deleted_gene	Os01g0114900|OsRLCK9	no
Azucena	1	752552	840052	DEL	DEL	DEL	752552	CDS(coding)	deleted_gene	Os01g0115100|.	no
Azucena	1	752552	840052	DEL	DEL	DEL	752552	CDS(coding)	deleted_gene	Os01g0115300|.	no
Azucena	1	752552	840052	DEL	DEL	DEL	752552	CDS(coding)	deleted_gene	Os01g0115200|.	no
Azucena	1	752552	840052	DEL	DEL	DEL	752552	CDS(coding)	truncated_gene	Os01g0115500|OsRLCK10	no
Azucena	1	752552	840052	DEL	DEL	DEL	752552	CDS(coding)	truncated_gene	Os01g0115533|.	no
Azucena	1	840944	841027	DEL	DEL	DEL	840944	exon/UTR	utr_deletion	Os01g0115533|.	no
Azucena	1	842754	842994	DEL	DEL	INS+DEL	842754	CDS(coding)	truncated_gene	Os01g0115566|OsRLCK10	no
Azucena	1	843194	843363	DEL	DEL	DEL	843194	promoter	promoter_deletion	Os01g0115600|OsRLCK11	no
Azucena	1	843194	843363	DEL	DEL	DEL	843194	promoter	promoter_deletion	Os01g0115566|OsRLCK10	no
Azucena	1	871250	871860	DEL	DEL	DEL	871250	promoter	promoter_deletion	Os01g0116100|.	no
Azucena	1	871250	871860	DEL	DEL	DEL	871250	promoter	promoter_deletion	Os01g0116101|.	no
Azucena	1	935079	935259	DEL	DEL	INS+DEL	935079	intron	intronic_deletion	Os01g0116900|.	no
Azucena	1	935357	936197	DEL	DEL	INS+DEL	935357	CDS(coding)	truncated_gene	Os01g0116900|.	no
Azucena	1	935357	936197	DEL	DEL	INS+DEL	935357	CDS(coding)	truncated_gene	Os01g0116800|.	no
Azucena	1	935357	936197	DEL	DEL	INS+DEL	935357	CDS(coding)	truncated_gene	Os01g0116901|.	no
Azucena	1	936870	936927	DEL	DEL	DEL	936870	exon/UTR	utr_deletion	Os01g0116900|.	no
Azucena	1	936870	936927	DEL	DEL	DEL	936870	exon/UTR	utr_deletion	Os01g0116901|.	no
Azucena	1	937292	937612	DEL	DEL	DEL	937292	exon/UTR	utr_deletion	Os01g0116900|.	no
Azucena	1	937292	937612	DEL	DEL	DEL	937292	exon/UTR	utr_deletion	Os01g0116901|.	no
Azucena	1	985724	985964	DUP	DUP	DUP+DEL	985724	exon/UTR	duplicated_gene	Os01g0117450|.	no
Azucena	1	996134	996374	DEL	DEL	DUP+DEL	985724	CDS(coding)	truncated_gene	Os01g0117600|.	no
Azucena	1	996134	996374	DEL	DEL	DUP+DEL	985724	CDS(coding)	truncated_gene	Os01g0117650|.	no
Azucena	1	1499194	1499335	DEL	DEL	INS+DEL	1499194	intron	intronic_deletion	Os01g0127200|OsLPR5	no
Azucena	1	1564628	1564911	DEL	DEL	DEL	1564628	exon/UTR	utr_deletion	Os01g0128100|.	no
Azucena	1	1566864	1566921	DEL	DEL	DEL	1566864	intron	intronic_deletion	Os01g0128200|.	no
Azucena	1	1571302	1571376	DEL	DEL	DEL	1571302	promoter	promoter_deletion	Os01g0128300|MHZ4	no
Azucena	1	1574884	1575074	DEL	DEL	DEL	1574884	intron	intronic_deletion	Os01g0128400|.	yes
Azucena	1	1603059	1603211	DEL	DEL	DEL	1603059	intron	intronic_deletion	Os01g0128800|OsNTMC2T3	yes
Azucena	1	1672881	1672943	DEL	DEL	DEL	1672881	promoter	promoter_deletion	Os01g0129800|.	no
Azucena	1	1672881	1672943	DEL	DEL	DEL	1672881	promoter	promoter_deletion	Os01g0130100|.	no
Azucena	1	2027918	2028194	DEL	DEL	DEL	2027918	promoter	promoter_deletion	Os01g0137800|.	no
Azucena	1	2153903	2153967	DEL	DEL	DEL	2153903	promoter	promoter_deletion	Os01g0140700|AP2/EREBP#077	no
Azucena	1	2155355	2155407	DEL	DEL	DEL	2155355	exon/UTR	utr_deletion	Os01g0140700|AP2/EREBP#077	no
Azucena	1	2179532	2200803	DEL	DEL	INS+DEL	2179532	promoter	promoter_deletion	Os01g0141000|AP2/EREBP129	no
Azucena	1	2246399	2246573	DEL	DEL	DEL	2246399	intron	intronic_deletion	Os01g0141600|OsRUS5	no
Azucena	1	2298704	2306504	DEL	DEL	INS+DEL	2298704	promoter	promoter_deletion	Os01g0142875|.	no
Azucena	1	2335575	2341725	DEL	DEL	DEL	2335575	CDS(coding)	truncated_gene	Os01g0142950|.	no
Azucena	1	2357064	2357294	DEL	DEL	DEL	2357064	promoter	promoter_deletion	Os01g0143350|.	no
Azucena	1	2363795	2367695	DEL	DEL	DEL	2363795	CDS(coding)	truncated_gene	Os01g0143400|.	no
Azucena	1	2370445	2370553	DEL	DEL	DEL	2370445	promoter	promoter_deletion	Os01g0143750|.	no
Azucena	1	2371397	2371537	DEL	DEL	INS+DEL	2371397	promoter	promoter_deletion	Os01g0143750|.	no
Azucena	1	2383157	2383422	DEL	DEL	DEL	2383157	promoter	promoter_deletion	Os01g0144000|.	no
Azucena	1	2383161	2383421	DEL	DEL	DEL	2383161	promoter	promoter_deletion	Os01g0144000|.	no
Azucena	1	2411845	2414226	DEL	DEL	INS+DEL	2411845	promoter	promoter_deletion	Os01g0144800|.	no
Azucena	1	2415498	2416018	DEL	DEL	DEL	2415498	promoter	promoter_deletion	Os01g0144900|.	no
Azucena	1	2417681	2417890	DEL	DEL	DEL	2417681	exon/UTR	utr_deletion	Os01g0144900|.	no
Azucena	1	2420602	2421352	DEL	DEL	INS+DEL	2420602	promoter	promoter_deletion	Os01g0145000|.	no
Azucena	1	2421402	2422022	DEL	DEL	DEL	2421402	promoter	promoter_deletion	Os01g0145000|.	no
Azucena	1	2434464	2434775	DEL	DEL	INS+DEL	2434464	promoter	promoter_deletion	Os01g0145200|.	no
Azucena	1	2453243	2453448	DEL	DEL	DEL	2453243	promoter	promoter_deletion	Os01g0145600|.	no
Azucena	1	2500773	2501083	DUP	DUP	DUP+INS	2500773	exon/UTR	duplicated_gene	Os01g0146200|.	no
Azucena	1	2541576	2542876	DEL	DEL	DEL	2541576	CDS(coding)	deleted_gene	Os01g0146801|.	no
Azucena	1	2549609	2551829	DEL	DEL	DEL	2549609	CDS(coding)	deleted_gene	Os01g0147001|.	no
Azucena	1	2565916	2566386	DEL	DEL	INS+DEL	2565916	promoter	promoter_deletion	Os01g0147300|OsSTA4	no
Azucena	1	2567346	2567410	DEL	DEL	DEL	2567346	exon/UTR	utr_deletion	Os01g0147250|.	no
Azucena	1	2572046	2572136	DEL	DEL	INS+DEL	2572046	promoter	promoter_deletion	Os01g0147400|.	no
Azucena	1	2575891	2576027	DEL	DEL	DEL	2575891	intron	intronic_deletion	Os01g0147600|.	no
Azucena	1	2581891	2581975	DEL	DEL	DEL	2581891	intron	intronic_deletion	Os01g0147700|.	no
Azucena	1	2593129	2593372	DEL	DEL	DEL	2593129	intron	intronic_deletion	Os01g0147900|OsTPI1	no
Azucena	1	2593129	2593372	DEL	DEL	DEL	2593129	intron	intronic_deletion	Os01g0147950|.	no
Azucena	1	2599006	2599064	DEL	DEL	INS+DEL	2599006	promoter	promoter_deletion	Os01g0148000|.	no
Azucena	1	2630785	2631366	DEL	DEL	INS+DEL	2630535	promoter	promoter_deletion	Os01g0148400|.	no
Azucena	1	2644730	2645410	DEL	DEL	DEL	2644730	promoter	promoter_deletion	Os01g0148500|.	no
Azucena	1	2687874	2688016	DUP	DUP	DUP	2687874	promoter	promoter_duplication	Os01g0149500|PIT	no
Azucena	1	2687874	2688016	DUP	DUP	DUP	2687874	promoter	promoter_duplication	Os01g0149750|.	no
Azucena	1	2695881	2695941	DEL	DEL	DEL	2695881	promoter	promoter_deletion	Os01g0149800|OsMT2a	no
Azucena	1	2731573	2735443	DEL	DEL	DEL	2731573	intron	intronic_deletion	Os01g0150500|.	no
Azucena	1	2731573	2735443	DEL	DEL	DEL	2731573	intron	intronic_deletion	Os01g0150700|.	no
Azucena	1	2736836	2739926	DEL	DEL	DEL	2736836	exon/UTR	utr_deletion	Os01g0150700|.	no
Azucena	1	2749412	2750282	DEL	DEL	INS+DEL	2749412	promoter	promoter_deletion	Os01g0150900|.	no
Azucena	1	2753617	2755317	DEL	DEL	DEL	2753617	CDS(coding)	truncated_gene	Os01g0150900|.	no
Azucena	1	2753617	2755317	DEL	DEL	DEL	2753617	CDS(coding)	truncated_gene	Os01g0150950|.	no
Azucena	1	2756313	2756623	DEL	DEL	DEL	2756313	intron	intronic_deletion	Os01g0150900|.	no
Azucena	1	2757060	2757621	DEL	DEL	INS+DEL	2757060	intron	intronic_deletion	Os01g0150900|.	no
Azucena	1	2774648	2775918	DEL	DEL	DEL	2774648	promoter	promoter_deletion	Os01g0151400|.	no
Azucena	1	2776633	2776729	DEL	DEL	DEL	2776633	promoter	promoter_deletion	Os01g0151400|.	no
Azucena	1	2776633	2776723	DEL	DEL	DEL	2776633	promoter	promoter_deletion	Os01g0151400|.	no
Azucena	1	2783824	2784085	DEL	DEL	INS+DEL	2783824	intron	intronic_deletion	Os01g0151500|.	no
Azucena	1	2783861	2783925	DEL	DEL	DEL	2783861	intron	intronic_deletion	Os01g0151500|.	no
Azucena	1	2816709	2816769	DEL	DEL	INS+DEL+INS+DEL	2816709	intron	intronic_deletion	Os01g0152050|.	no
Azucena	1	2816909	2817039	DEL	DEL	INS+DEL+INS+DEL	2816709	intron	intronic_deletion	Os01g0152050|.	no
Azucena	1	2821454	2822264	DEL	DEL	INS+DEL	2821454	promoter	promoter_deletion	Os01g0152050|.	no
Azucena	1	2821454	2822264	DEL	DEL	INS+DEL	2821454	promoter	promoter_deletion	Os01g0152300|H2B.10	no
Azucena	1	2823503	2830344	DEL	DEL	INS+DEL	2823503	CDS(coding)	deleted_gene	Os01g0152500|.	no
Azucena	1	2823503	2830344	DEL	DEL	INS+DEL	2823503	CDS(coding)	truncated_gene	Os01g0152600|OsRLCK24	no
Azucena	1	2834283	2834453	DEL	DEL	DEL	2834283	promoter	promoter_deletion	Os01g0152687|OsRLCK24	no
Azucena	1	2837662	2837782	DEL	DEL	INS+DEL	2837662	promoter	promoter_deletion	Os01g0152675|.	no
Azucena	1	2838056	2838506	DUP	DUP	DUP+INS	2838056	CDS(coding)	duplicated_gene	Os01g0152700|.	no
Azucena	1	2844199	2844459	DEL	DEL	INS+DEL	2844199	promoter	promoter_deletion	Os01g0152850|.	no
Azucena	1	2845498	2846509	DEL	DEL	INS+DEL	2845498	promoter	promoter_deletion	Os01g0152900|OsFbox002	no
Azucena	1	2855349	2855970	DEL	DEL	INS+DEL	2855349	promoter	promoter_deletion	Os01g0153050|.	no
Azucena	1	2882686	2883496	DEL	DEL	INS+DEL	2882686	promoter	promoter_deletion	Os01g0153500|.	no
Azucena	1	2883648	2885219	DEL	DEL	INS+DEL	2883648	promoter	promoter_deletion	Os01g0153500|.	no
Azucena	1	2886147	2886207	DEL	DEL	DEL+DEL+INS	2886147	intron	intronic_deletion	Os01g0153500|.	no
Azucena	1	2886317	2886657	DEL	DEL	DEL+DEL+INS	2886147	promoter	promoter_deletion	Os01g0153625|.	no
Azucena	1	2886317	2886657	DEL	DEL	DEL+DEL+INS	2886147	promoter	promoter_deletion	Os01g0153550|.	no
Azucena	1	2887307	2887708	DEL	DEL	INS+DEL	2887307	intron	intronic_deletion	Os01g0153600|P0030H07.28	no
Azucena	1	2901271	2901571	DEL	DEL	DEL	2901271	promoter	promoter_deletion	Os01g0153900|.	no
Azucena	1	2908355	2919936	DEL	DEL	INS+DEL	2908355	promoter	promoter_deletion	Os01g0154100|.	no
Azucena	1	2908355	2919936	DEL	DEL	INS+DEL	2908355	promoter	promoter_deletion	Os01g0154250|.	no
Azucena	1	2981373	2981443	DEL	DEL	INS+DEL	2981373	promoter	promoter_deletion	Os01g0155500|OsCrRLK1L4	no
Azucena	1	2989469	2997959	DEL	DEL	DEL	2989469	promoter	promoter_deletion	Os01g0155600|.	no
Azucena	1	2989469	2997959	DEL	DEL	DEL	2989469	promoter	promoter_deletion	Os01g0155800|.	no
Azucena	1	2999670	3000091	DEL	DEL	INS+DEL	2999670	intron	intronic_deletion	Os01g0155800|.	no
Azucena	1	3000528	3000758	DEL	DEL	INS+DEL	3000528	intron	intronic_deletion	Os01g0155800|.	no
Azucena	1	3007423	3012253	DEL	DEL	DEL	3007423	promoter	promoter_deletion	Os01g0156000|.	no
Azucena	1	3059957	3061157	DEL	DEL	INS+DEL+INS+DEL+DEL	3059957	exon/UTR	utr_deletion	Os01g0158500|.	no
Azucena	1	3061957	3078457	DEL	DEL	INS+DEL+INS+DEL+DEL	3059957	CDS(coding)	truncated_gene	Os01g0158500|.	no
Azucena	1	3061957	3078457	DEL	DEL	INS+DEL+INS+DEL+DEL	3059957	CDS(coding)	truncated_gene	Os01g0158533|.	no
Azucena	1	3061957	3078457	DEL	DEL	INS+DEL+INS+DEL+DEL	3059957	CDS(coding)	deleted_gene	Os01g0158566|.	no
Azucena	1	3061957	3078457	DEL	DEL	INS+DEL+INS+DEL+DEL	3059957	CDS(coding)	deleted_gene	Os01g0158600|.	no
Azucena	1	3079757	3082407	DEL	DEL	INS+DEL+INS+DEL+DEL	3059957	intron	intronic_deletion	Os01g0158800|.	no
Azucena	1	3083787	3083850	DEL	DEL	DEL	3083787	intron	intronic_deletion	Os01g0158800|.	no
Azucena	1	3090957	3091199	DEL	DEL	INS+DEL	3090957	promoter	promoter_deletion	Os01g0158900|.	no
Azucena	1	3092803	3093103	DEL	DEL	INS+DEL	3092803	promoter	promoter_deletion	Os01g0158900|.	no
Azucena	1	3092803	3093103	DEL	DEL	INS+DEL	3092803	promoter	promoter_deletion	Os01g0159000|OsDOG1L-2	no
Azucena	1	3107216	3107287	DEL	DEL	DEL	3107216	promoter	promoter_deletion	Os01g0159300|.	no
Azucena	1	3115022	3122012	DEL	DEL	DEL	3115022	promoter	promoter_deletion	Os01g0159400|.	no
Azucena	1	3115022	3122012	DEL	DEL	DEL	3115022	promoter	promoter_deletion	Os01g0159500|.	no
Azucena	1	3123138	3123698	DEL	DEL	DEL	3123138	CDS(coding)	truncated_gene	Os01g0159500|.	no
Azucena	1	3138904	3139145	DEL	DEL	DEL	3138904	intron	intronic_deletion	Os01g0160100|.	no
Azucena	1	3138904	3139145	DEL	DEL	DEL	3138904	intron	intronic_deletion	Os01g0160150|.	no
Azucena	1	3140462	3140686	DEL	DEL	DEL	3140462	promoter	promoter_deletion	Os01g0160100|.	no
Azucena	1	3141156	3178987	DEL	DEL	INS+DEL+INS	3141156	CDS(coding)	deleted_gene	Os01g0160200|.	no
Azucena	1	3188978	3282678	hyperCPX_INS+DEL	DEL	hyperCPX_INS+DEL	3188978	CDS(coding)	deleted_gene	Os01g0160800|.	no
Azucena	1	3188978	3282678	hyperCPX_INS+DEL	DEL	hyperCPX_INS+DEL	3188978	CDS(coding)	deleted_gene	Os01g0161000|.	no
Azucena	1	3188978	3282678	hyperCPX_INS+DEL	DEL	hyperCPX_INS+DEL	3188978	CDS(coding)	deleted_gene	Os01g0161200|.	no
Azucena	1	3188978	3282678	hyperCPX_INS+DEL	DEL	hyperCPX_INS+DEL	3188978	CDS(coding)	deleted_gene	Os01g0161300|.	no
Azucena	1	3188978	3282678	hyperCPX_INS+DEL	DEL	hyperCPX_INS+DEL	3188978	CDS(coding)	deleted_gene	Os01g0162001|.	no
Azucena	1	3188978	3282678	hyperCPX_INS+DEL	DEL	hyperCPX_INS+DEL	3188978	CDS(coding)	deleted_gene	Os01g0162101|.	no
Azucena	1	3188978	3282678	hyperCPX_INS+DEL	DEL	hyperCPX_INS+DEL	3188978	CDS(coding)	deleted_gene	Os01g0162200|.	no
Azucena	1	3188978	3282678	hyperCPX_INS+DEL	DEL	hyperCPX_INS+DEL	3188978	CDS(coding)	deleted_gene	Os01g0162300|.	no
Azucena	1	3188978	3282678	hyperCPX_INS+DEL	DEL	hyperCPX_INS+DEL	3188978	CDS(coding)	deleted_gene	Os01g0162400|.	no
Azucena	1	3188978	3282678	hyperCPX_INS+DEL	DEL	hyperCPX_INS+DEL	3188978	CDS(coding)	deleted_gene	Os01g0162500|.	no
Azucena	1	3188978	3282678	hyperCPX_INS+DEL	DEL	hyperCPX_INS+DEL	3188978	CDS(coding)	deleted_gene	Os01g0162701|.	no
Azucena	1	3188978	3282678	hyperCPX_INS+DEL	DEL	hyperCPX_INS+DEL	3188978	CDS(coding)	deleted_gene	Os01g0162800|.	no
Azucena	1	3281016	3282516	DEL	DEL	DEL	3281016	promoter	promoter_deletion	Os01g0163000|.	no
Azucena	1	3288494	3291134	DEL	DEL	DEL	3288494	promoter	promoter_deletion	Os01g0163450|.	no
Azucena	1	3292951	3294111	DEL	DEL	DEL	3292951	CDS(coding)	truncated_gene	Os01g0163450|.	no
Azucena	1	3292951	3294111	DEL	DEL	DEL	3292951	CDS(coding)	deleted_gene	Os01g0163616|.	no
Azucena	1	3295574	3296024	DEL	DEL	INS+DEL	3295574	promoter	promoter_deletion	Os01g0163616|.	no
Azucena	1	3332058	3332949	DEL	DEL	INS+DEL	3332058	promoter	promoter_deletion	Os01g0164500|BIP115	no
Azucena	1	3332058	3332949	DEL	DEL	INS+DEL	3332058	promoter	promoter_deletion	Os01g0164650|.	no
Azucena	1	3344018	3344649	DEL	DEL	INS+DEL	3344018	intron	intronic_deletion	Os01g0164800|.	no
Azucena	1	3952380	3952437	DEL	DEL	DEL	3952380	promoter	promoter_deletion	Os01g0176700|.	no
Azucena	1	4033593	4033858	DEL	DEL	DEL	4033593	exon/UTR	utr_deletion	Os01g0177900|PDR6	no
Azucena	1	4055439	4055789	DUP	DUP	DUP	4055439	intron	duplicated_gene	Os01g0178000|P0509B06.2-1	no
Azucena	1	4058398	4058908	DEL	DEL	DEL	4058398	promoter	promoter_deletion	Os01g0178100|.	no
Azucena	1	4058398	4058908	DEL	DEL	DEL	4058398	promoter	promoter_deletion	Os01g0178000|P0509B06.2-1	no
Azucena	1	4213967	4214045	DEL	DEL	DEL	4213967	promoter	promoter_deletion	Os01g0180300|.	no
Azucena	1	4338962	4339185	DEL	DEL	DEL	4338962	promoter	promoter_deletion	Os01g0182600|GI	yes
Azucena	1	4414205	4414364	DEL	DEL	DEL	4414205	promoter	promoter_deletion	Os01g0183400|OsNF-YC13	no
Azucena	1	4458145	4458905	DEL	DEL	DEL	4458145	promoter	promoter_deletion	Os01g0184200|.	no
Azucena	1	4458157	4458917	DEL	DEL	DEL	4458157	promoter	promoter_deletion	Os01g0184200|.	no
Azucena	1	4585955	4586845	DEL	DEL	DEL	4585955	exon/UTR	utr_deletion	Os01g0186400|P0510F03.30	no
Azucena	1	4638977	4645037	DEL	DEL	DEL	4638977	promoter	promoter_deletion	Os01g0186900|.	no
Azucena	1	4776258	4781928	DEL	DEL	DEL	4776258	intron	intronic_deletion	Os01g0189100|.	no
Azucena	1	4886137	4886318	DEL	DEL	DEL	4886137	promoter	promoter_deletion	Os01g0191300|ONAC003	no
Azucena	1	4977943	4978084	DUP	DUP	DUP	4977943	promoter	promoter_duplication	Os01g0192401|.	no
Azucena	1	5097597	5097715	DEL	DEL	DEL	5097597	promoter	promoter_deletion	Os01g0195000|OsIDD2	no
Azucena	1	5097775	5097865	DEL	DEL	DEL	5097775	promoter	promoter_deletion	Os01g0195000|OsIDD2	no
Azucena	1	5142136	5142616	DEL	DEL	DEL	5142136	promoter	promoter_deletion	Os01g0195500|.	no
Azucena	1	5149981	5164171	DEL	DEL	DEL	5149981	CDS(coding)	truncated_gene	Os01g0195801|OsbHLH027	no
Azucena	1	5272517	5272758	DEL	DEL	DEL	5272517	intron	intronic_deletion	Os01g0197700|Gn1a	yes
Azucena	1	5273839	5274179	DEL	DEL	DEL	5273839	intron	intronic_deletion	Os01g0197700|Gn1a	no
Azucena	1	5386521	5388391	DEL	DEL	DEL	5386521	promoter	promoter_deletion	Os01g0199550|.	no
Azucena	1	5425735	5425832	DEL	DEL	DEL	5425735	promoter	promoter_deletion	Os01g0200350|.	no
Azucena	1	5528627	5528863	DEL	DEL	DEL	5528627	promoter	promoter_deletion	Os01g0201275|D-h(t)*	no
Azucena	1	6079399	6079476	DEL	DEL	DEL	6079399	promoter	promoter_deletion	Os01g0211600|.	no
Azucena	1	6079402	6079476	DEL	DEL	DEL	6079402	promoter	promoter_deletion	Os01g0211600|.	no
Azucena	1	6174324	6178104	DEL	DEL	DEL	6174324	promoter	promoter_deletion	Os01g0212700|.	no
Azucena	1	6193934	6194524	DEL	DEL	DEL	6193934	promoter	promoter_deletion	Os01g0213350|.	no
Azucena	1	6201288	6201558	DEL	DEL	DEL	6201288	promoter	promoter_deletion	Os01g0213400|OsRFPH2-8	no
Azucena	1	6650836	6651546	DEL	DEL	INS+DEL	6650836	promoter	promoter_deletion	Os01g0221500|.	no
Azucena	1	6774794	6774911	DUP	DUP	DUP	6774794	exon/UTR	duplicated_gene	Os01g0223700|.	no
Azucena	1	7044728	7044800	DEL	DEL	DEL	7044728	intron	intronic_deletion	Os01g0227300|OsRab7B1	no
Azucena	1	7060216	7060317	DEL	DEL	DEL	7060216	promoter	promoter_deletion	Os01g0227700|.	no
Azucena	1	7063413	7063464	DEL	DEL	DEL	7063413	intron	intronic_deletion	Os01g0227700|.	no
Azucena	1	7068180	7069950	INV	INV	INS+INV	7068180	promoter	promoter_inversion	Os01g0227800|.	no
Azucena	1	9029442	9029535	DEL	DEL	DEL	9029442	promoter	promoter_deletion	Os01g0265200|OsPAPST1	no
Azucena	1	9029449	9029529	DEL	DEL	DEL	9029449	promoter	promoter_deletion	Os01g0265200|OsPAPST1	no
Azucena	1	9157125	9173235	INV	INV	INV	9157125	CDS(coding)	inverted_gene	Os01g0267050|.	no
Azucena	1	9157125	9173235	INV	INV	INV	9157125	CDS(coding)	inverted_gene	Os01g0267100|.	no
Azucena	1	9157125	9173235	INV	INV	INV	9157125	CDS(coding)	inverted_gene	Os01g0267200|OsRpn11	no
Azucena	1	9157125	9173235	INV	INV	INV	9157125	CDS(coding)	inverted_gene	Os01g0267300|OsSRP-QKG	no
Azucena	1	9157125	9173235	INV	INV	INV	9157125	CDS(coding)	inversion_breakpoint	Os01g0267400|.	no
Azucena	1	9334559	9338789	DEL	DEL	DEL	9334559	promoter	promoter_deletion	Os01g0270300|prx4	no
Azucena	1	10201233	10201287	DEL	DEL	DEL	10201233	intron	intronic_deletion	Os01g0284900|OSJNBa0004B13.24	no
Azucena	1	11123250	11129221	DEL	DEL	INS+DEL	11123250	promoter	promoter_deletion	Os01g0302100|.	no
Azucena	1	11130157	11130757	DEL	DEL	DEL	11130157	exon/UTR	utr_deletion	Os01g0302100|.	no
Azucena	1	11207580	11208520	DEL	DEL	DEL	11207580	promoter	promoter_deletion	Os01g0303100|.	no
Azucena	1	11494834	11495824	DEL	DEL	INS+DEL	11494834	CDS(coding)	truncated_gene	Os01g0307562|.	no
Azucena	1	11496759	11496813	DEL	DEL	INS+DEL	11496759	promoter	promoter_deletion	Os01g0307562|.	no
Azucena	1	11667847	11667938	DEL	DEL	DEL	11667847	promoter	promoter_deletion	Os01g0310550|.	no
Azucena	1	11667847	11667938	DEL	DEL	DEL	11667847	promoter	promoter_deletion	Os01g0310600|.	no
Azucena	1	12110875	12110934	DUP	DUP	DUP	12110875	promoter	promoter_duplication	Os01g0318600|.	no
Azucena	1	12131076	12131346	DEL	DEL	DEL	12131076	promoter	promoter_deletion	Os01g0319200|.	no
Azucena	1	12163013	12163078	DEL	DEL	DEL	12163013	promoter	promoter_deletion	Os01g0319400|.	no
Azucena	1	12177988	12222028	DEL	DEL	DEL	12177988	CDS(coding)	deleted_gene	Os01g0320400|.	no
Azucena	1	12177988	12222028	DEL	DEL	DEL	12177988	CDS(coding)	deleted_gene	Os01g0320700|.	no
Azucena	1	12780046	12803416	DEL	DEL	DEL	12780046	promoter	promoter_deletion	Os01g0331100|OsGELP16	no
Azucena	1	12895784	12895840	DEL	DEL	DEL	12895784	promoter	promoter_deletion	Os01g0332500|.	no
Azucena	1	12925124	12925397	DEL	DEL	DEL	12925124	exon/UTR	utr_deletion	Os01g0333001|.	no
Azucena	1	12925452	12925602	DEL	DEL	DEL	12925452	exon/UTR	utr_deletion	Os01g0333001|.	no
Azucena	1	12925637	12925967	DEL	DEL	INS+DEL	12925637	promoter	promoter_deletion	Os01g0332900|.	no
Azucena	1	13201245	13201725	DEL	DEL	DEL	13201245	promoter	promoter_deletion	Os01g0337160|.	no
Azucena	1	13424075	13424186	invDUP	DUP	invDUP	13424075	CDS(coding)	duplicated_gene	Os01g0341000|.	no
Azucena	1	13543435	13544295	DEL	DEL	DEL	13543435	promoter	promoter_deletion	Os01g0343001|.	no
Azucena	1	13559465	13559785	DEL	DEL	DEL	13559465	promoter	promoter_deletion	Os01g0343200|.	yes
Azucena	1	13569675	13569921	DEL	DEL	DEL	13569675	promoter	promoter_deletion	Os01g0343300|OsGATA8	no
Azucena	1	13573636	13573705	DEL	DEL	DEL	13573636	promoter	promoter_deletion	Os01g0343350|.	no
Azucena	1	13579222	13579302	DEL	DEL	INS+DEL	13579222	promoter	promoter_deletion	Os01g0343400|.	no
Azucena	1	13580119	13702019	DEL	DEL	INS+DEL	13580119	CDS(coding)	deleted_gene	Os01g0343400|.	no
Azucena	1	13580119	13702019	DEL	DEL	INS+DEL	13580119	CDS(coding)	deleted_gene	Os01g0343500|.	no
Azucena	1	13580119	13702019	DEL	DEL	INS+DEL	13580119	CDS(coding)	deleted_gene	Os01g0343780|.	no
Azucena	1	13580119	13702019	DEL	DEL	INS+DEL	13580119	CDS(coding)	deleted_gene	Os01g0344620|.	no
Azucena	1	13580119	13702019	DEL	DEL	INS+DEL	13580119	CDS(coding)	deleted_gene	Os01g0346400|.	no
Azucena	1	13840184	13841384	DEL	DEL	INS+DEL	13840184	promoter	promoter_deletion	Os01g0347500|.	no
Azucena	1	13840184	13841384	DEL	DEL	INS+DEL	13840184	promoter	promoter_deletion	Os01g0347600|.	no
Azucena	1	13841565	13841865	DEL	DEL	INS+DEL	13841565	promoter	promoter_deletion	Os01g0347600|.	no
Azucena	1	13843649	13856099	DEL	DEL	DEL	13843649	exon/UTR	utr_deletion	Os01g0347600|.	yes
Azucena	1	13899006	13899586	DEL	DEL	DEL	13899006	exon/UTR	utr_deletion	Os01g0348800|.	no
Azucena	1	13900233	13900303	DEL	DEL	INS+DEL+INS	13900233	intron	intronic_deletion	Os01g0348800|.	no
Azucena	1	13906365	13906423	DEL	DEL	DEL	13906365	promoter	promoter_deletion	Os01g0348900|OsJRL	no
Azucena	1	13906898	13914249	DEL	DEL	INS+DEL	13906898	CDS(coding)	deleted_gene	Os01g0349000|.	no
Azucena	1	13927703	13927926	DEL	DEL	DEL	13927703	promoter	promoter_deletion	Os01g0349400|OsPP5	no
Azucena	1	13928826	13929116	DEL	DEL	INS+DEL	13928826	promoter	promoter_deletion	Os01g0349400|OsPP5	no
Azucena	1	13932695	13932759	DEL	DEL	DEL	13932695	promoter	promoter_deletion	Os01g0349600|.	no
Azucena	1	13939268	13940748	DEL	DEL	INS+DEL	13939268	promoter	promoter_deletion	Os01g0349800|.	no
Azucena	1	13940826	13940886	DEL	DEL	INS+DEL	13940826	promoter	promoter_deletion	Os01g0349800|.	no
Azucena	1	13956745	13956798	DEL	DEL	DEL	13956745	promoter	promoter_deletion	Os01g0350000|.	no
Azucena	1	14195086	14195436	DEL	DEL	DEL	14195086	promoter	promoter_deletion	Os01g0353900|.	no
Azucena	1	14195305	14195605	DEL	DEL	DEL+DEL	14177875	promoter	promoter_deletion	Os01g0353900|.	no
Azucena	1	14534905	14543725	DEL	DEL	DEL	14534905	promoter	promoter_deletion	Os01g0358800|.	no
Azucena	1	14544320	14544410	DEL	DEL	INS+DEL	14544320	CDS(coding)	truncated_gene	Os01g0358800|.	no
Azucena	1	14620179	14620230	DEL	DEL	DEL	14620179	promoter	promoter_deletion	Os01g0360333|.	no
Azucena	1	14975795	14991726	DEL	DEL	INS+DEL	14975795	promoter	promoter_deletion	Os01g0367201|.	no
Azucena	1	15581320	15581720	DUP	DUP	DUP	15581320	promoter	promoter_duplication	Os01g0377250|.	no
Azucena	1	16480149	16480329	DEL	DEL	DEL	16480149	promoter	promoter_deletion	Os01g0390400|OJ1123_G09.29-2	no
Azucena	1	16480149	16480329	DEL	DEL	DEL	16480149	promoter	promoter_deletion	Os01g0390300|OJ1123_G09.26-1	no
Azucena	1	17513835	17514255	DEL	DEL	DEL	17513835	promoter	promoter_deletion	Os01g0504500|.	no
Azucena	1	18528666	18528736	DEL	DEL	DEL	18528666	exon/UTR	utr_deletion	Os01g0520340|.	no
Azucena	1	18540770	18589101	DEL	DEL	INS+DEL	18540770	CDS(coding)	deleted_gene	Os01g0520800|.	no
Azucena	1	18540770	18589101	DEL	DEL	INS+DEL	18540770	CDS(coding)	deleted_gene	Os01g0521200|.	no
Azucena	1	18540770	18589101	DEL	DEL	INS+DEL	18540770	CDS(coding)	deleted_gene	Os01g0521250|.	no
Azucena	1	18625129	18625248	DEL	DEL	DEL	18625129	promoter	promoter_deletion	Os01g0522100|.	no
Azucena	1	18625918	18626052	DEL	DEL	DEL	18625918	promoter	promoter_deletion	Os01g0522100|.	no
Azucena	1	20365172	20371592	DEL	DEL	DEL	20365172	promoter	promoter_deletion	Os01g0547200|.	no
Azucena	1	21262910	21263098	DEL	DEL	DEL	21262910	promoter	promoter_deletion	Os01g0559825|.	no
Azucena	1	21263122	21263186	DEL	DEL	DEL	21263122	promoter	promoter_deletion	Os01g0559825|.	no
Azucena	1	22986424	22986480	DEL	DEL	DEL	22986424	promoter	promoter_deletion	Os01g0589200|.	no
Azucena	1	22986424	22986480	DEL	DEL	DEL	22986424	promoter	promoter_deletion	Os01g0589300|.	no
Azucena	1	22997825	22997896	DEL	DEL	DEL	22997825	intron	intronic_deletion	Os01g0589500|.	no
Azucena	1	23075371	23075421	DEL	DEL	DEL	23075371	intron	intronic_deletion	Os01g0590700|.	no
Azucena	1	23084270	23084461	DEL	DEL	DEL	23084270	promoter	promoter_deletion	Os01g0590800|.	no
Azucena	1	23089513	23090593	DEL	DEL	DEL	23089513	promoter	promoter_deletion	Os01g0590900|.	no
Azucena	1	23089517	23090587	DEL	DEL	DEL	23089517	promoter	promoter_deletion	Os01g0590900|.	no
Azucena	1	23098959	23100600	DEL	DEL	INS+DEL	23098959	intron	intronic_deletion	Os01g0591000|ALDH1a	no
Azucena	1	23104618	23104831	DEL	DEL	INS+DEL	23104618	intron	intronic_deletion	Os01g0591000|ALDH1a	no
Azucena	1	23252192	23264103	DEL	DEL	INS+DEL	23252192	promoter	promoter_deletion	Os01g0593900|.	no
Azucena	1	23295689	23296009	DEL	DEL	DEL	23295689	CDS(coding)	truncated_gene	Os01g0594650|.	no
Azucena	1	23295689	23296009	DEL	DEL	DEL	23295689	CDS(coding)	truncated_gene	Os01g0594600|.	no
Azucena	1	23303940	23306911	DEL	DEL	INS+DEL	23303940	CDS(coding)	truncated_gene	Os01g0594800|.	no
Azucena	1	23311845	23311972	DEL	DEL	DEL	23311845	intron	intronic_deletion	Os01g0594900|.	no
Azucena	1	23323160	23323460	INV	INV	INV+INS	23323160	promoter	promoter_inversion	ENSRNA049471602|Plant_SRP	no
Azucena	1	23323160	23323460	INV	INV	INV+INS	23323160	promoter	promoter_inversion	Os01g0595201|.	no
Azucena	1	23332552	23332972	DEL	DEL	DEL	23332552	promoter	promoter_deletion	Os01g0595400|.	yes
Azucena	1	23363357	23363707	DEL	DEL	DEL	23363357	promoter	promoter_deletion	Os01g0596100|OsFbox025	no
Azucena	1	23401016	23401102	DEL	DEL	DEL	23401016	promoter	promoter_deletion	Os01g0596600|.	no
Azucena	1	23408301	23408360	DEL	DEL	INS+DEL	23408301	promoter	promoter_deletion	Os01g0596700|.	no
Azucena	1	23408390	23408660	DUP	DUP	INS+DUP	23408390	exon/UTR	duplicated_gene	Os01g0596700|.	no
Azucena	1	23444059	23446249	DEL	DEL	INS+DEL	23444059	promoter	promoter_deletion	Os01g0597600|OsATL15	no
Azucena	1	23446402	23446662	DEL	DEL	INS+DEL	23446402	promoter	promoter_deletion	Os01g0597600|OsATL15	no
Azucena	1	23452460	23455280	DEL	DEL	DEL	23452460	promoter	promoter_deletion	Os01g0597701|.	no
Azucena	1	23452460	23455280	DEL	DEL	DEL	23452460	promoter	promoter_deletion	Os01g0597800|.	no
Azucena	1	23502338	23508728	DEL	DEL	DEL	23502338	exon/UTR	utr_deletion	Os01g0598200|OsCBL5	no
Azucena	1	23561109	23568159	DEL	DEL	DEL	23561109	promoter	promoter_deletion	Os01g0600200|.	no
Azucena	1	23593900	23606770	DEL	DEL	DEL	23593900	promoter	promoter_deletion	Os01g0600900|CAB2R	no
Azucena	1	23633944	23634153	DEL	DEL	DEL	23633944	CDS(coding)	truncated_gene	Os01g0601625|.	no
Azucena	1	23639784	23640524	DUP	DUP	DUP	23639784	CDS(coding)	duplicated_gene	Os01g0601651|.	no
Azucena	1	23639784	23640524	DUP	DUP	DUP	23639784	CDS(coding)	duplicated_gene	Os01g0601675|.	no
Azucena	1	23643473	23643824	DEL	DEL	DEL+INS	23643473	promoter	promoter_deletion	Os01g0601675|.	no
Azucena	1	23644617	23646477	DEL	DEL	DEL	23644617	promoter	promoter_deletion	Os01g0601675|.	no
Azucena	1	23644617	23646477	DEL	DEL	DEL	23644617	promoter	promoter_deletion	Os01g0601687|.	no
Azucena	1	23647569	23651649	DEL	DEL	INS+DEL+INS	23647569	CDS(coding)	deleted_gene	Os01g0601687|.	no
Azucena	1	23647569	23651649	DEL	DEL	INS+DEL+INS	23647569	CDS(coding)	deleted_gene	Os01g0601700|.	no
Azucena	1	23658461	23661611	DEL	DEL	INS+DEL	23658461	promoter	promoter_deletion	Os01g0602075|.	no
Azucena	1	23664713	23664803	DEL	DEL	INS+DEL	23664713	promoter	promoter_deletion	Os01g0602200|CYP72A31	no
Azucena	1	23672283	23672346	DEL	DEL	DEL	23672283	promoter	promoter_deletion	Os01g0602433|.	no
Azucena	1	23686112	23686348	DEL	DEL	DEL	23686112	promoter	promoter_deletion	Os01g0602500|.	no
Azucena	1	23770174	23800774	hyperCPX_INS+DEL	DEL	hyperCPX_INS+DEL	23770174	CDS(coding)	truncated_gene	Os01g0603500|.	no
Azucena	1	23770174	23800774	hyperCPX_INS+DEL	DEL	hyperCPX_INS+DEL	23770174	CDS(coding)	deleted_gene	Os01g0603700|.	no
Azucena	1	23770174	23800774	hyperCPX_INS+DEL	DEL	hyperCPX_INS+DEL	23770174	CDS(coding)	deleted_gene	Os01g0603800|OsSTA22	no
Azucena	1	23770174	23800774	hyperCPX_INS+DEL	DEL	hyperCPX_INS+DEL	23770174	CDS(coding)	deleted_gene	Os01g0604000|.	no
Azucena	1	23770174	23800774	hyperCPX_INS+DEL	DEL	hyperCPX_INS+DEL	23770174	CDS(coding)	deleted_gene	Os01g0604100|.	no
Azucena	1	23770174	23800774	hyperCPX_INS+DEL	DEL	hyperCPX_INS+DEL	23770174	CDS(coding)	deleted_gene	Os01g0604150|.	no
Azucena	1	23771841	23776611	DEL	DEL	INS+DEL	23771841	CDS(coding)	truncated_gene	Os01g0603700|.	no
Azucena	1	23771841	23776611	DEL	DEL	INS+DEL	23771841	CDS(coding)	truncated_gene	Os01g0603800|OsSTA22	no
Azucena	1	23786082	23787563	DEL	DEL	INS+DEL	23786082	promoter	promoter_deletion	Os01g0604150|.	no
Azucena	1	23789729	23791219	DEL	DEL	DEL	23789729	CDS(coding)	truncated_gene	Os01g0604150|.	no
Azucena	1	23813637	23834216	hyperCPX_DUP	DUP	hyperCPX_DUP	23813637	CDS(coding)	duplicated_gene	Os01g0604600|.	no
Azucena	1	23813637	23834216	hyperCPX_DUP	DUP	hyperCPX_DUP	23813637	CDS(coding)	whole_gene_duplication	Os01g0604700|.	no
Azucena	1	23813637	23834216	hyperCPX_DUP	DUP	hyperCPX_DUP	23813637	CDS(coding)	whole_gene_duplication	Os01g0604900|OsSTA24	no
Azucena	1	23847607	23875237	hyperCPX_DUP	DUP	hyperCPX_DUP	23847607	CDS(coding)	duplicated_gene	Os01g0605400|.	no
Azucena	1	23847607	23875237	hyperCPX_DUP	DUP	hyperCPX_DUP	23847607	CDS(coding)	whole_gene_duplication	Os01g0605500|KIN8A	no
Azucena	1	23847607	23875237	hyperCPX_DUP	DUP	hyperCPX_DUP	23847607	CDS(coding)	whole_gene_duplication	Os01g0605650|.	no
Azucena	1	23847607	23875237	hyperCPX_DUP	DUP	hyperCPX_DUP	23847607	CDS(coding)	whole_gene_duplication	Os01g0605700|OsSWEET6b	no
Azucena	1	23855075	23855205	DEL	DEL	INS+DEL	23855075	promoter	promoter_deletion	Os01g0605500|KIN8A	no
Azucena	1	23855075	23855205	DEL	DEL	INS+DEL	23855075	promoter	promoter_deletion	Os01g0605650|.	no
Azucena	1	23855252	23856623	DEL	DEL	INS+DEL	23855252	promoter	promoter_deletion	Os01g0605500|KIN8A	no
Azucena	1	23855252	23856623	DEL	DEL	INS+DEL	23855252	promoter	promoter_deletion	Os01g0605650|.	no
Azucena	1	23862261	23864151	DEL	DEL	INS+DEL	23862261	promoter	promoter_deletion	Os01g0605700|OsSWEET6b	no
Azucena	1	23864523	23864593	DEL	DEL	INS+DEL	23864523	promoter	promoter_deletion	Os01g0605700|OsSWEET6b	no
Azucena	1	23866391	23866577	DEL	DEL	DEL	23866391	intron	intronic_deletion	Os01g0605700|OsSWEET6b	no
Azucena	1	24003397	24006697	DEL	DEL	DEL	24003397	CDS(coding)	deleted_gene	Os01g0608000|.	no
Azucena	1	24003397	24006697	DEL	DEL	DEL	24003397	CDS(coding)	truncated_gene	Os01g0608101|.	no
Azucena	1	24019757	24047418	DEL	DEL	INS+DEL	24019757	CDS(coding)	truncated_gene	Os01g0608300|.	no
Azucena	1	24019757	24047418	DEL	DEL	INS+DEL	24019757	CDS(coding)	truncated_gene	Os01g0608200|.	no
Azucena	1	24019757	24047418	DEL	DEL	INS+DEL	24019757	CDS(coding)	deleted_gene	Os01g0608400|.	no
Azucena	1	24019757	24047418	DEL	DEL	INS+DEL	24019757	CDS(coding)	truncated_gene	Os01g0608900|.	no
Azucena	1	24179840	24179920	DEL	DEL	DEL	24179840	promoter	promoter_deletion	Os01g0611000|P0410E03.33-1	no
Azucena	1	24254293	24254386	DEL	DEL	DEL	24254293	promoter	promoter_deletion	Os01g0612200|coxVb	no
Azucena	1	24284628	24284727	DEL	DEL	DEL	24284628	exon/UTR	utr_deletion	Os01g0612600|.	no
Azucena	1	24492056	24495836	DEL	DEL	DEL	24492056	promoter	promoter_deletion	Os01g0616800|.	no
Azucena	1	24506616	24506708	DEL	DEL	DEL	24506616	promoter	promoter_deletion	Os01g0616900|.	no
Azucena	1	24547102	24547152	DEL	DEL	DEL	24547102	promoter	promoter_deletion	Os01g0617500|P0686E09.27-1	no
Azucena	1	24555245	24555328	DEL	DEL	DEL	24555245	CDS(coding)	truncated_gene	Os01g0617650|.	no
Azucena	1	24555738	24556378	DEL	DEL	DEL	24555738	promoter	promoter_deletion	Os01g0617600|.	no
Azucena	1	24555738	24556378	DEL	DEL	DEL	24555738	promoter	promoter_deletion	Os01g0617650|.	no
Azucena	1	24570848	24570898	DEL	DEL	DEL	24570848	intron	intronic_deletion	Os01g0617800|.	no
Azucena	1	24645963	24646303	DEL	DEL	DEL	24645963	promoter	promoter_deletion	Os01g0619100|OsTCL1	no
Azucena	1	24711328	24711708	DEL	DEL	INS+DEL	24711328	promoter	promoter_deletion	Os01g0620301|.	no
Azucena	1	24711883	24712243	DUP	DUP	DUP+INS	24711883	exon/UTR	duplicated_gene	Os01g0620301|.	no
Azucena	1	24738761	24738821	DEL	DEL	DEL	24738761	promoter	promoter_deletion	Os01g0620800|.	no
Azucena	1	24742877	24748427	DEL	DEL	DEL	24742877	promoter	promoter_deletion	Os01g0620900|.	no
Azucena	1	24754638	24755058	DEL	DEL	DEL	24754638	intron	intronic_deletion	Os01g0621200|OsGAT2	no
Azucena	1	24791342	24791524	DEL	DEL	INS+DEL	24791342	promoter	promoter_deletion	Os01g0621700|.	no
Azucena	1	24806979	24808279	DEL	DEL	DEL	24806979	promoter	promoter_deletion	Os01g0621900|IIP1	no
Azucena	1	24828657	24832377	DEL	DEL	DEL	24828657	promoter	promoter_deletion	Os01g0622300|HEME	no
Azucena	1	24828657	24832377	DEL	DEL	DEL	24828657	promoter	promoter_deletion	Os01g0622500|.	no
Azucena	1	24838859	24838917	DEL	DEL	DEL	24838859	promoter	promoter_deletion	Os01g0622600|OsCDPK1	no
Azucena	1	24899712	24899769	DEL	DEL	DEL	24899712	exon/UTR	utr_deletion	Os01g0623600|OsPGL32	no
Azucena	1	24941614	24941878	DUP	DUP	DUP	24941614	intron	duplicated_gene	Os01g0624500|OsSgt1	no
Azucena	1	25033481	25035671	DEL	DEL	DEL	25033481	promoter	promoter_deletion	Os01g0626900|.	no
Azucena	1	25100756	25112396	DEL	DEL	DEL	25100756	promoter	promoter_deletion	Os01g0628700|.	no
Azucena	1	25100760	25112401	DEL	DEL	DEL+INS	25100760	promoter	promoter_deletion	Os01g0628700|.	no
Azucena	1	25112898	25112978	DUP	DUP	INS+DUP	25112859	promoter	promoter_duplication	Os01g0628700|.	no
Azucena	1	25261113	25261533	DEL	DEL	DEL	25261113	intron	intronic_deletion	Os01g0631400|GPAT	no
Azucena	1	25300031	25300110	DEL	DEL	DEL	25300031	promoter	promoter_deletion	Os01g0632100|.	yes
Azucena	1	25329402	25329812	DEL	DEL	DEL	25329402	promoter	promoter_deletion	Os01g0632700|.	no
Azucena	1	25477693	25478653	DEL	DEL	INS+DEL	25477693	promoter	promoter_deletion	Os01g0635550|OsZHD5	no
Azucena	1	25566877	25573297	DEL	DEL	DEL	25566877	intron	intronic_deletion	Os01g0637300|.	no
Azucena	1	25600137	25600527	DEL	DEL	DEL	25600137	exon/UTR	utr_deletion	Os01g0638000|.	no
Azucena	1	25620453	25624233	DEL	DEL	DEL	25620453	promoter	promoter_deletion	Os01g0638701|.	no
Azucena	1	25956769	25956822	DEL	DEL	DEL	25956769	promoter	promoter_deletion	Os01g0644900|.	no
Azucena	1	26033182	26033240	DEL	DEL	DEL	26033182	exon/UTR	utr_deletion	Os01g0645900|OsSultr5	no
Azucena	1	26207455	26217265	DEL	DEL	DEL	26207455	CDS(coding)	deleted_gene	Os01g0649566|.	no
Azucena	1	26289047	26289397	DEL	DEL	DEL	26289047	promoter	promoter_deletion	Os01g0650950|.	no
Azucena	1	26289047	26289397	DEL	DEL	DEL	26289047	promoter	promoter_deletion	Os01g0651000|OsGELP23	no
Azucena	1	26307318	26307420	DEL	DEL	DEL	26307318	intron	intronic_deletion	Os01g0651350|.	no
Azucena	1	26567338	26571868	DEL	DEL	DEL	26567338	promoter	promoter_deletion	Os01g0654900|.	no
Azucena	1	26848675	26861515	DEL	DEL	DEL	26848675	promoter	promoter_deletion	Os01g0659800|.	no
Azucena	1	26922867	26923118	DEL	DEL	DEL	26922867	exon/UTR	utr_deletion	Os01g0660700|Os_F0640	no
Azucena	1	27106037	27107127	DEL	DEL	DEL	27106037	intron	intronic_deletion	Os01g0663800|P0003E08.2-1	no
Azucena	1	27110133	27110382	DEL	DEL	DEL	27110133	promoter	promoter_deletion	Os01g0663800|P0003E08.2-1	no
Azucena	1	27134673	27134724	DEL	DEL	DEL	27134673	promoter	promoter_deletion	Os01g0664200|.	no
Azucena	1	27185314	27185463	DEL	DEL	DEL	27185314	promoter	promoter_deletion	Os01g0665400|.	no
Azucena	1	27185314	27185463	DEL	DEL	DEL	27185314	promoter	promoter_deletion	Os01g0665300|P0003E08.20-1	no
Azucena	1	27188611	27188712	DUP	DUP	DUP	27188611	intron	duplicated_gene	Os01g0665400|.	no
Azucena	1	28040431	28041411	DEL	DEL	DEL	28040431	intron	intronic_deletion	Os01g0681000|.	yes
Azucena	1	28040433	28041403	DEL	DEL	DEL	28040433	intron	intronic_deletion	Os01g0681000|.	yes
Azucena	1	28317815	28317879	DUP	DUP	DUP	28317815	promoter	promoter_duplication	Os01g0686500|.	no
Azucena	1	28317821	28317871	DUP	DUP	DUP	28317821	promoter	promoter_duplication	Os01g0686500|.	no
Azucena	1	28494150	28494510	DEL	DEL	DEL	28494150	intron	intronic_deletion	Os01g0689900|OsWAK10	no
Azucena	1	28503645	28504285	DEL	DEL	DEL	28503645	promoter	promoter_deletion	Os01g0690200|P0034C09.3	no
Azucena	1	28505101	28509331	DEL	DEL	DEL	28505101	intron	intronic_deletion	Os01g0690333|.	no
Azucena	1	28510350	28510750	DEL	DEL	INS+DEL	28510350	promoter	promoter_deletion	Os01g0690333|.	no
Azucena	1	28511490	28512410	DEL	DEL	INS+DEL	28511490	promoter	promoter_deletion	Os01g0690333|.	no
Azucena	1	28511490	28512410	DEL	DEL	INS+DEL	28511490	promoter	promoter_deletion	Os01g0690600|.	no
Azucena	1	28513373	28532393	DEL	DEL	INS+DEL+INS+DEL	28513373	CDS(coding)	truncated_gene	Os01g0690600|.	no
Azucena	1	28513373	28532393	DEL	DEL	INS+DEL+INS+DEL	28513373	CDS(coding)	truncated_gene	Os01g0690800|.	no
Azucena	1	28513373	28532393	DEL	DEL	INS+DEL+INS+DEL	28513373	CDS(coding)	deleted_gene	Os01g0690900|.	no
Azucena	1	28523251	28524202	DEL	DEL	INS+DEL	28523251	CDS(coding)	truncated_gene	Os01g0690800|.	no
Azucena	1	28531851	28532451	DEL	DEL	INS+DEL	28531851	intron	intronic_deletion	Os01g0690800|.	no
Azucena	1	28534493	28534943	DEL	DEL	INS+DEL+INS+DEL	28513373	exon/UTR	utr_deletion	Os01g0691000|.	no
Azucena	1	28536123	28536237	DEL	DEL	INS+DEL	28536123	intron	intronic_deletion	Os01g0691000|.	no
Azucena	1	29076647	29076957	DEL	DEL	DEL	29076647	promoter	promoter_deletion	Os01g0702000|OsBBD1	no
Azucena	1	29165719	29165779	DUP	DUP	DUP	29165719	promoter	promoter_duplication	Os01g0703600|SPL28	no
Azucena	1	29165720	29165770	DUP	DUP	DUP+INS	29165720	promoter	promoter_duplication	Os01g0703600|SPL28	no
Azucena	1	29415365	29423375	DEL	DEL	DEL	29415365	promoter	promoter_deletion	Os01g0708201|.	no
Azucena	1	29415365	29423375	DEL	DEL	DEL	29415365	promoter	promoter_deletion	Os01g0708300|.	no
Azucena	1	29501736	29501844	DEL	DEL	DEL	29501736	intron	intronic_deletion	Os01g0710000|OsWD40-23	no
Azucena	1	29533157	29536338	DEL	DEL	INS+DEL	29533157	CDS(coding)	deleted_gene	Os01g0710800|.	no
Azucena	1	29543933	29544066	DEL	DEL	INS+DEL	29543933	promoter	promoter_deletion	Os01g0711050|.	no
Azucena	1	29543933	29544066	DEL	DEL	INS+DEL	29543933	promoter	promoter_deletion	Os01g0711100|.	no
Azucena	1	29550370	29550444	DEL	DEL	INS+DEL	29550370	promoter	promoter_deletion	Os01g0711200|.	no
Azucena	1	29551075	29551308	DEL	DEL	DEL	29551075	promoter	promoter_deletion	Os01g0711200|.	no
Azucena	1	29567635	29567835	DEL	DEL	INS+DEL	29567635	promoter	promoter_deletion	Os01g0711500|OsCBL10	no
Azucena	1	29567964	29568354	DEL	DEL	INS+DEL	29567964	promoter	promoter_deletion	Os01g0711500|OsCBL10	no
Azucena	1	29571522	29571757	DEL	DEL	DEL	29571522	exon/UTR	utr_deletion	Os01g0711500|OsCBL10	no
Azucena	1	29573222	29573445	DEL	DEL	DEL	29573222	intron	intronic_deletion	Os01g0711600|OsRTH1	no
Azucena	1	29595838	29597129	DEL	DEL	INS+DEL	29595838	promoter	promoter_deletion	Os01g0712501|.	no
Azucena	1	29598249	29598809	DEL	DEL	DEL	29598249	promoter	promoter_deletion	Os01g0712501|.	yes
Azucena	1	29598249	29598809	DEL	DEL	DEL	29598249	promoter	promoter_deletion	Os01g0712500|.	yes
Azucena	1	29602632	29602803	DEL	DEL	DEL	29602632	promoter	promoter_deletion	Os01g0712600|.	no
Azucena	1	29619508	29619589	DEL	DEL	DEL	29619508	promoter	promoter_deletion	Os01g0713200|Gns10	no
Azucena	1	29683348	29726729	DEL	DEL	INS+DEL	29683348	CDS(coding)	deleted_gene	Os01g0714225|.	no
Azucena	1	29683348	29726729	DEL	DEL	INS+DEL	29683348	CDS(coding)	deleted_gene	Os01g0714600|.	no
Azucena	1	29683348	29726729	DEL	DEL	INS+DEL	29683348	CDS(coding)	deleted_gene	Os01g0714800|OsWRKY26	no
Azucena	1	29931518	29931938	DEL	DEL	DEL	29931518	promoter	promoter_deletion	Os01g0718300|D61	no
Azucena	1	30208441	30208563	DEL	DEL	DEL	30208441	promoter	promoter_deletion	Os01g0724101|.	no
Azucena	1	30953440	30953690	DEL	DEL	DEL	30953440	promoter	promoter_deletion	Os01g0741200|OsLysM-RLK4	no
Azucena	1	30953440	30953690	DEL	DEL	DEL	30953440	promoter	promoter_deletion	Os01g0741250|.	no
Azucena	1	30953440	30953690	DEL	DEL	DEL	30953440	promoter	promoter_deletion	Os01g0741300|.	no
Azucena	1	31460205	31472625	DEL	DEL	DEL	31460205	promoter	promoter_deletion	Os01g0750666|.	no
Azucena	1	31571879	31571940	DEL	DEL	DEL	31571879	intron	intronic_deletion	Os01g0752600|.	no
Azucena	1	31617097	31617319	DEL	DEL	DEL	31617097	exon/UTR	utr_deletion	Os01g0753500|OsARF3	no
Azucena	1	31627543	31627826	DEL	DEL	DEL	31627543	promoter	promoter_deletion	Os01g0753800|.	yes
Azucena	1	31648763	31649043	DEL	DEL	DEL	31648763	promoter	promoter_deletion	Os01g0754200|OsGSL3	no
Azucena	1	31679780	31679875	DEL	DEL	DEL	31679780	intron	intronic_deletion	Os01g0755100|.	no
Azucena	1	31679791	31679855	DEL	DEL	DEL	31679791	intron	intronic_deletion	Os01g0755100|.	no
Azucena	1	31708250	31708313	DEL	DEL	DEL	31708250	promoter	promoter_deletion	Os01g0755600|.	no
Azucena	1	31759369	31759498	DEL	DEL	DEL	31759369	promoter	promoter_deletion	Os01g0756700|KAT1	no
Azucena	1	31788235	31792015	DEL	DEL	DEL	31788235	promoter	promoter_deletion	Os01g0757051|.	no
Azucena	1	31931137	31935127	DEL	DEL	DEL	31931137	promoter	promoter_deletion	Os01g0759100|OsTLP12	no
Azucena	1	31984029	31984201	DEL	DEL	DEL	31984029	promoter	promoter_deletion	Os01g0760150|.	no
Azucena	1	32063969	32070779	DEL	DEL	DEL	32063969	promoter	promoter_deletion	Os01g0762000|OspPLAIValpha	no
Azucena	1	32071815	32071877	DEL	DEL	DEL	32071815	CDS(coding)	truncated_gene	Os01g0762300|.	no
Azucena	1	32090956	32091221	DEL	DEL	DEL	32090956	promoter	promoter_deletion	Os01g0762900|.	no
Azucena	1	32279959	32283229	DEL	DEL	DEL	32279959	promoter	promoter_deletion	Os01g0766200|OsRDCP3	no
Azucena	1	32297703	32297832	DEL	DEL	DEL	32297703	promoter	promoter_deletion	Os01g0766600|.	no
Azucena	1	32340020	32340122	DEL	DEL	DEL	32340020	promoter	promoter_deletion	Os01g0767100|OsProCP1	no
Azucena	1	32341855	32345215	DEL	DEL	DEL	32341855	promoter	promoter_deletion	Os01g0767600|.	no
Azucena	1	32395991	32414501	DEL	DEL	DEL	32395991	CDS(coding)	deleted_gene	Os01g0768600|.	no
Azucena	1	32466651	32470191	DEL	DEL	DEL	32466651	promoter	promoter_deletion	Os01g0769900|PTAC12	no
Azucena	1	32480596	32480876	DEL	DEL	DEL	32480596	promoter	promoter_deletion	Os01g0770000|.	yes
Azucena	1	32491160	32491521	DEL	DEL	INS+DEL	32491160	promoter	promoter_deletion	Os01g0770100|.	no
Azucena	1	32517182	32521802	DEL	DEL	DEL	32517182	promoter	promoter_deletion	Os01g0770500|OsABCI6	no
Azucena	1	32517182	32521802	DEL	DEL	DEL	32517182	promoter	promoter_deletion	Os01g0770700|COPT1	no
Azucena	1	32570033	32570363	DEL	DEL	INS+DEL	32570033	promoter	promoter_deletion	Os01g0771400|OsM2	no
Azucena	1	32570396	32571386	DUP	DUP	DUP+INS	32570396	promoter	promoter_duplication	Os01g0771400|OsM2	no
Azucena	1	32602035	32603235	DEL	DEL	DEL	32602035	promoter	promoter_deletion	Os01g0772200|OsTFIIF2-2	no
Azucena	1	32668893	32669213	DEL	DEL	DEL	32668893	promoter	promoter_deletion	Os01g0773000|.	no
Azucena	1	32668893	32669213	DEL	DEL	DEL	32668893	promoter	promoter_deletion	Os01g0773100|.	no
Azucena	1	32723102	32723502	DEL	DEL	DEL	32723102	promoter	promoter_deletion	Os01g0774001|.	no
Azucena	1	32726339	32739960	DEL	DEL	INS+DEL	32726339	CDS(coding)	deleted_gene	Os01g0774100|.	no
Azucena	1	32726339	32739960	DEL	DEL	INS+DEL	32726339	CDS(coding)	deleted_gene	Os01g0774200|.	no
Azucena	1	32752266	32755986	DEL	DEL	DEL	32752266	intron	intronic_deletion	Os01g0774500|OsSTA35	no
Azucena	1	32758594	32758647	DEL	DEL	DEL	32758594	promoter	promoter_deletion	Os01g0775150|.	no
Azucena	1	32758594	32758647	DEL	DEL	DEL	32758594	promoter	promoter_deletion	Os01g0774500|OsSTA35	no
Azucena	1	32905326	32911626	DEL	DEL	DEL	32905326	CDS(coding)	deleted_gene	Os01g0777600|.	no
Azucena	1	32905326	32911626	DEL	DEL	DEL	32905326	CDS(coding)	deleted_gene	Os01g0777650|.	no
Azucena	1	32905326	32911626	DEL	DEL	DEL	32905326	CDS(coding)	truncated_gene	Os01g0777700|.	no
Azucena	1	33082119	33083409	DEL	DEL	DEL	33082119	CDS(coding)	truncated_gene	Os01g0780900|.	no
Azucena	1	33087636	33088957	DEL	DEL	INS+DEL	33087636	promoter	promoter_deletion	Os01g0781000|.	no
Azucena	1	33090011	33092091	DEL	DEL	INS+DEL	33090011	CDS(coding)	truncated_gene	Os01g0781000|.	no
Azucena	1	33090011	33092091	DEL	DEL	INS+DEL	33090011	CDS(coding)	truncated_gene	Os01g0781100|.	no
Azucena	1	33093791	33098141	DEL	DEL	INS+DEL	33093791	CDS(coding)	truncated_gene	Os01g0781100|.	no
Azucena	1	33093791	33098141	DEL	DEL	INS+DEL	33093791	CDS(coding)	truncated_gene	Os01g0781200|Pi64	no
Azucena	1	33098202	33099972	DEL	DEL	INS+DEL	33098202	CDS(coding)	truncated_gene	Os01g0781200|Pi64	no
Azucena	1	33103663	33144883	DEL	DEL	DEL	33103663	CDS(coding)	truncated_gene	Os01g0781200|Pi64	no
Azucena	1	33103663	33144883	DEL	DEL	DEL	33103663	CDS(coding)	deleted_gene	Os01g0781600|.	no
Azucena	1	33103663	33144883	DEL	DEL	DEL	33103663	CDS(coding)	deleted_gene	Os01g0781700|Pi37(t)	no
Azucena	1	33103663	33144883	DEL	DEL	DEL	33103663	CDS(coding)	truncated_gene	Os01g0782100|PISH	no
Azucena	1	33103663	33144883	DEL	DEL	DEL	33103663	CDS(coding)	truncated_gene	Os01g0782200|.	no
Azucena	1	33103663	33144883	DEL	DEL	DEL	33103663	CDS(coding)	deleted_gene	Os01g0781833|.	no
Azucena	1	33159228	33159998	DEL	DEL	DEL	33159228	promoter	promoter_deletion	Os01g0782500|.	no
Azucena	1	33179565	33180515	DEL	DEL	DEL	33179565	promoter	promoter_deletion	Os01g0782901|AM15	no
Azucena	1	33357080	33358550	DEL	DEL	DEL	33357080	promoter	promoter_deletion	Os01g0786601|.	no
Azucena	1	33474411	33474539	DEL	DEL	DEL	33474411	intron	intronic_deletion	Os01g0788800|OSTF1(t)	no
Azucena	1	33544651	33553142	DEL	DEL	INS+DEL	33544651	exon/UTR	deleted_gene	ENSRNA049471772|LSU_rRNA_eukarya	no
Azucena	1	33544651	33553142	DEL	DEL	INS+DEL	33544651	exon/UTR	deleted_gene	ENSRNA049471772|LSU_rRNA_eukarya	no
Azucena	1	34731317	34731370	DEL	DEL	DEL	34731317	exon/UTR	utr_deletion	Os01g0816500|.	no
Azucena	1	34749719	34761089	DEL	DEL	DEL	34749719	promoter	promoter_deletion	Os01g0816850|.	no
Azucena	1	34782279	34782544	DEL	DEL	DEL	34782279	promoter	promoter_deletion	Os01g0817100|.	no
Azucena	1	34782804	34782894	DUP	DUP	DUP	34782804	promoter	promoter_duplication	Os01g0817100|.	no
Azucena	1	34786672	34788072	DEL	DEL	DEL	34786672	promoter	promoter_deletion	Os01g0817400|OsCHX17	no
Azucena	1	35188522	35188852	DEL	DEL	DEL	35188522	promoter	promoter_deletion	Os01g0823900|OsPUB3	no
Azucena	1	35193157	35193222	DEL	DEL	DEL	35193157	CDS(coding)	truncated_gene	Os01g0824000|.	no
Azucena	1	35279615	35279774	DEL	DEL	INS+DEL	35279615	promoter	promoter_deletion	Os01g0825166|.	no
Azucena	1	35287271	35287403	DEL	DEL	INS+DEL	35287271	CDS(coding)	truncated_gene	Os01g0825332|.	no
Azucena	1	35324567	35324635	DEL	DEL	DEL	35324567	intron	intronic_deletion	Os01g0825800|OsATL7	no
Azucena	1	35324573	35324623	DEL	DEL	DEL	35324573	intron	intronic_deletion	Os01g0825800|OsATL7	no
Azucena	1	35443217	35456597	DEL	DEL	DEL	35443217	promoter	promoter_deletion	Os01g0828400|.	no
Azucena	1	36633193	36633278	DEL	DEL	DEL	36633193	promoter	promoter_deletion	Os01g0850800|OsLAC9	no
Azucena	1	37268454	37268514	DEL	DEL	DEL	37268454	promoter	promoter_deletion	Os01g0860800|P0489B03.44-1	no
Azucena	1	37268496	37268587	DEL	DEL	DEL	37268496	promoter	promoter_deletion	Os01g0860800|P0489B03.44-1	no
Azucena	1	38825670	38840431	DEL	DEL	INS+DEL	38825670	promoter	promoter_deletion	Os01g0893300|.	no
Azucena	1	38841104	38841254	DEL	DEL	INS+DEL	38841104	promoter	promoter_deletion	Os01g0893300|.	no
Azucena	1	38856164	38859614	DEL	DEL	DEL	38856164	intron	intronic_deletion	Os01g0893700|.	no
Azucena	1	38860275	38861615	DEL	DEL	DEL	38860275	promoter	promoter_deletion	Os01g0893700|.	no
Azucena	1	38863287	38864048	DEL	DEL	INS+DEL	38863287	exon/UTR	utr_deletion	Os01g0894000|.	no
Azucena	1	38868059	38874689	DEL	DEL	DEL	38868059	CDS(coding)	deleted_gene	Os01g0894050|.	no
Azucena	1	38868059	38874689	DEL	DEL	DEL	38868059	CDS(coding)	deleted_gene	Os01g0894075|.	no
Azucena	1	38868059	38874689	DEL	DEL	DEL	38868059	CDS(coding)	deleted_gene	Os01g0894100|.	no
Azucena	1	38927482	38927639	DEL	DEL	DEL	38927482	promoter	promoter_deletion	Os01g0895500|OsRhmbd5	no
Azucena	1	38934225	38934339	DEL	DEL	DEL	38934225	intron	intronic_deletion	Os01g0895600|.	no
Azucena	1	38935662	38937523	DEL	DEL	INS+DEL	38935662	promoter	promoter_deletion	Os01g0895600|.	no
Azucena	1	38961205	38961345	DEL	DEL	DEL	38961205	promoter	promoter_deletion	Os01g0896400|P0696G06.26	no
Azucena	1	38986030	38986106	DEL	DEL	DEL	38986030	promoter	promoter_deletion	Os01g0897000|CDKB	no
Azucena	1	38986030	38986106	DEL	DEL	DEL	38986030	promoter	promoter_deletion	Os01g0897100|.	no
Azucena	1	39026637	39026715	DEL	DEL	DEL	39026637	intron	intronic_deletion	Os01g0897800|OsRad21	no
Azucena	1	39061878	39061944	DEL	DEL	DEL	39061878	promoter	promoter_deletion	Os01g0898400|.	no
Azucena	1	39078810	39078875	DEL	DEL	DEL	39078810	promoter	promoter_deletion	Os01g0898800|.	no
Azucena	1	39115321	39117011	DEL	DEL	DEL	39115321	promoter	promoter_deletion	Os01g0899350|.	no
Azucena	1	39115321	39117011	DEL	DEL	DEL	39115321	promoter	promoter_deletion	Os01g0899387|.	no
Azucena	1	39419698	39420218	invDUP	DUP	INS+invDUP	39419668	promoter	promoter_duplication	Os01g0905400|.	no
Azucena	1	39419698	39420218	invDUP	DUP	INS+invDUP	39419668	promoter	promoter_duplication	Os01g0905500|.	no
Azucena	1	39420036	39420276	invDUP	DUP	INS+invDUP	39419666	promoter	promoter_duplication	Os01g0905400|.	no
Azucena	1	39420036	39420276	invDUP	DUP	INS+invDUP	39419666	promoter	promoter_duplication	Os01g0905500|.	no
Azucena	1	40354511	40355921	DEL	DEL	DEL	40354511	intron	intronic_deletion	Os01g0922800|MADS51	no
Azucena	1	40355007	40356457	DEL	DEL	DEL	40355007	intron	intronic_deletion	Os01g0922800|MADS51	no
Azucena	1	40361188	40361558	DUP	DUP	DUP	40361188	intron	duplicated_gene	Os01g0922800|MADS51	no
Azucena	1	40446794	40446884	DUP	DUP	DUP+DEL	40446794	promoter	promoter_duplication	Os01g0923900|OsFbox053	no
Azucena	1	40453454	40453514	DEL	DEL	DUP+DEL	40446794	exon/UTR	utr_deletion	Os01g0923950|.	no
Azucena	1	40508320	40508378	DEL	DEL	DEL	40508320	promoter	promoter_deletion	Os01g0924933|DPW2	no
Azucena	1	40542742	40542799	DEL	DEL	DEL	40542742	intron	intronic_deletion	Os01g0925000|.	no
Azucena	1	40554800	40554881	DEL	DEL	DEL	40554800	promoter	promoter_deletion	Os01g0925000|.	no
Azucena	1	40555126	40555926	DEL	DEL	DEL	40555126	promoter	promoter_deletion	Os01g0925000|.	no
Azucena	1	40558575	40559966	DEL	DEL	INS+DEL+INS+DEL	40558575	exon/UTR	utr_deletion	Os01g0925100|.	no
Azucena	1	40560185	40560785	DEL	DEL	INS+DEL+INS+DEL	40558575	CDS(coding)	truncated_gene	Os01g0925100|.	no
Azucena	1	40561104	40561180	DEL	DEL	DEL	40561104	CDS(coding)	truncated_gene	Os01g0925100|.	no
Azucena	1	40561558	40562019	DEL	DEL	INS+DEL	40561558	promoter	promoter_deletion	Os01g0925100|.	no
Azucena	1	40561558	40562019	DEL	DEL	INS+DEL	40561558	promoter	promoter_deletion	Os01g0925200|P0482D04.4	no
Azucena	1	40562323	40563593	DEL	DEL	INS+DEL	40562323	CDS(coding)	truncated_gene	Os01g0925200|P0482D04.4	no
Azucena	1	40564320	40564566	DEL	DEL	DEL	40564320	intron	intronic_deletion	Os01g0925200|P0482D04.4	no
Azucena	1	40565194	40565369	DEL	DEL	DEL	40565194	intron	intronic_deletion	Os01g0925200|P0482D04.4	no
Azucena	1	40566530	40566582	DEL	DEL	DEL	40566530	promoter	promoter_deletion	Os01g0925350|.	no
Azucena	1	40570044	40570119	DEL	DEL	DEL	40570044	promoter	promoter_deletion	Os01g0925300|.	no
Azucena	1	40742689	40742756	DEL	DEL	DEL	40742689	intron	intronic_deletion	Os01g0928300|.	no
Azucena	1	41396334	41396664	DEL	DEL	INS+DEL	41396334	promoter	promoter_deletion	Os01g0942200|OsFbox057	no
Azucena	1	41456911	41487841	DEL	DEL	DEL	41456911	CDS(coding)	truncated_gene	Os01g0943100|.	no
Azucena	1	41456911	41487841	DEL	DEL	DEL	41456911	CDS(coding)	truncated_gene	Os01g0943400|.	no
Azucena	1	41456911	41487841	DEL	DEL	DEL	41456911	CDS(coding)	deleted_gene	Os01g0943700|.	no
Azucena	1	41456911	41487841	DEL	DEL	DEL	41456911	CDS(coding)	deleted_gene	Os01g0943800|.	no
Azucena	1	41456911	41487841	DEL	DEL	DEL	41456911	CDS(coding)	deleted_gene	Os01g0943900|.	no
Azucena	1	41456911	41487841	DEL	DEL	DEL	41456911	CDS(coding)	deleted_gene	Os01g0943950|.	no
Azucena	1	41456911	41487841	DEL	DEL	DEL	41456911	CDS(coding)	truncated_gene	Os01g0944000|.	no
Azucena	1	41456911	41487841	DEL	DEL	DEL	41456911	CDS(coding)	truncated_gene	Os01g0943100|.	no
Azucena	1	41456911	41487841	DEL	DEL	DEL	41456911	CDS(coding)	truncated_gene	Os01g0943400|.	no
Azucena	1	41456911	41487841	DEL	DEL	DEL	41456911	CDS(coding)	deleted_gene	Os01g0943700|.	no
Azucena	1	41456911	41487841	DEL	DEL	DEL	41456911	CDS(coding)	deleted_gene	Os01g0943800|.	no
Azucena	1	41456911	41487841	DEL	DEL	DEL	41456911	CDS(coding)	deleted_gene	Os01g0943900|.	no
Azucena	1	41456911	41487841	DEL	DEL	DEL	41456911	CDS(coding)	deleted_gene	Os01g0943950|.	no
Azucena	1	41456911	41487841	DEL	DEL	DEL	41456911	CDS(coding)	truncated_gene	Os01g0944000|.	no
Azucena	1	41788823	41811143	DEL	DEL	DEL	41788823	promoter	promoter_deletion	Os01g0949060|B1147A04.4-2	no
Azucena	1	41814687	41814738	DEL	DEL	DEL	41814687	intron	intronic_deletion	Os01g0949220|.	no
Azucena	1	41913901	41914022	DUP	DUP	DUP	41913901	promoter	promoter_duplication	Os01g0952000|GER8	no
Azucena	1	41958243	41958308	DEL	DEL	DEL	41958243	intron	intronic_deletion	Os01g0952600|.	no
Azucena	1	41978487	41978547	DEL	DEL	DEL	41978487	promoter	promoter_deletion	Os01g0952800|OsIRO2	no
Azucena	1	42355250	42356210	DEL	DEL	DEL	42355250	exon/UTR	utr_deletion	Os01g0960500|.	yes
Azucena	1	42355262	42356262	DEL	DEL	DEL	42355262	exon/UTR	utr_deletion	Os01g0960500|.	yes
Azucena	1	42375735	42376946	DEL	DEL	INS+DEL	42375735	promoter	promoter_deletion	Os01g0961200|OsCBSCBSPB3	no
Azucena	1	42380672	42380821	DEL	DEL	DEL	42380672	intron	intronic_deletion	Os01g0961200|OsCBSCBSPB3	no
Azucena	1	42380855	42413346	DEL	DEL	INS+DEL	42380855	CDS(coding)	truncated_gene	Os01g0961200|OsCBSCBSPB3	no
Azucena	1	42380855	42413346	DEL	DEL	INS+DEL	42380855	CDS(coding)	deleted_gene	Os01g0961300|.	no
Azucena	1	42380855	42413346	DEL	DEL	INS+DEL	42380855	CDS(coding)	deleted_gene	Os01g0961600|.	no
Azucena	1	42380855	42413346	DEL	DEL	INS+DEL	42380855	CDS(coding)	deleted_gene	Os01g0962000|.	no
Azucena	1	42380855	42413346	DEL	DEL	INS+DEL	42380855	CDS(coding)	truncated_gene	Os01g0962100|.	no
Azucena	1	42417104	42417374	DEL	DEL	INS+DEL	42417104	promoter	promoter_deletion	Os01g0962300|.	no
Azucena	1	42417104	42417374	DEL	DEL	INS+DEL	42417104	promoter	promoter_deletion	Os01g0962200|.	no
Azucena	1	42418037	42418100	DEL	DEL	DEL	42418037	intron	intronic_deletion	Os01g0962300|.	no
Azucena	1	42418156	42418222	DEL	DEL	INS+DEL	42418156	intron	intronic_deletion	Os01g0962300|.	no
Azucena	1	42427548	42427928	DEL	DEL	INS+DEL	42427548	promoter	promoter_deletion	Os01g0962600|RPS10	no
Azucena	1	42427548	42427928	DEL	DEL	INS+DEL	42427548	promoter	promoter_deletion	Os01g0962700|prx20	no
Azucena	1	42428773	42428919	DEL	DEL	DEL	42428773	promoter	promoter_deletion	Os01g0962600|RPS10	no
Azucena	1	42428773	42428919	DEL	DEL	DEL	42428773	promoter	promoter_deletion	Os01g0962700|prx20	no
Azucena	1	42561645	42562755	DEL	DEL	DEL	42561645	exon/UTR	deleted_gene	Os01g0965201|.	no
Azucena	1	42641609	42641979	DEL	DEL	DEL	42641609	promoter	promoter_deletion	Os01g0967000|.	no
Azucena	1	42701496	42701866	DEL	DEL	DEL	42701496	promoter	promoter_deletion	Os01g0968100|.	no
Azucena	1	42702744	42703904	DEL	DEL	INS+DEL	42702744	promoter	promoter_deletion	Os01g0968100|.	no
Azucena	1	42706050	42706134	DEL	DEL	DEL	42706050	promoter	promoter_deletion	Os01g0968300|.	no
Azucena	1	42706050	42706134	DEL	DEL	DEL	42706050	promoter	promoter_deletion	Os01g0968200|.	no
Azucena	1	42708753	42709663	DEL	DEL	DEL	42708753	promoter	promoter_deletion	Os01g0968350|.	no
Azucena	1	42708753	42709663	DEL	DEL	DEL	42708753	promoter	promoter_deletion	Os01g0968400|OJ1656_A11.12	no
Azucena	1	43026457	43038127	DEL	DEL	DEL	43026457	promoter	promoter_deletion	ENSRNA049441495|tRNA-Ile	no
Azucena	1	43026457	43038127	DEL	DEL	DEL	43026457	promoter	promoter_deletion	Os01g0974000|OsABCI11	no
Azucena	1	43027605	43039275	DEL	DEL	DEL	43027605	promoter	promoter_deletion	ENSRNA049441495|tRNA-Ile	no
Azucena	1	43027605	43039275	DEL	DEL	DEL	43027605	promoter	promoter_deletion	Os01g0974000|OsABCI11	no
Azucena	1	43081139	43081367	DEL	DEL	DEL	43081139	promoter	promoter_deletion	Os01g0975000|OsDSR3	no
Azucena	1	43110675	43112075	DEL	DEL	DEL	43110675	promoter	promoter_deletion	Os01g0975800|OsMADS79	no
Azucena	1	43179658	43180608	DEL	DEL	DEL	43179658	promoter	promoter_deletion	Os01g0976900|.	no
Azucena	1	43179663	43180593	DEL	DEL	DEL	43179663	promoter	promoter_deletion	Os01g0976900|.	no
Azucena	1	43224320	43224379	DEL	DEL	DEL	43224320	promoter	promoter_deletion	Os01g0978000|OsUCP1	no
IR64	1	191200	191840	DEL	DEL	DEL	191200	CDS(coding)	truncated_gene	Os01g0103700|.	no
IR64	1	226163	240744	DEL	DEL	INS+DEL	226163	CDS(coding)	deleted_gene	Os01g0104400|.	no
IR64	1	269781	270411	DEL	DEL	INS+DEL	269781	CDS(coding)	truncated_gene	Os01g0104900|P0436E04.28-2	no
IR64	1	271492	272072	DEL	DEL	INS+DEL	271492	exon/UTR	utr_deletion	Os01g0104900|P0436E04.28-2	no
IR64	1	272700	272943	DEL	DEL	DEL	272700	intron	intronic_deletion	Os01g0104900|P0436E04.28-2	no
IR64	1	275670	282390	DEL	DEL	DEL	275670	promoter	promoter_deletion	Os01g0104900|P0436E04.28-2	no
IR64	1	284169	287979	DEL	DEL	DEL	284169	CDS(coding)	truncated_gene	Os01g0105300|.	no
IR64	1	301384	301649	DEL	DEL	DEL	301384	promoter	promoter_deletion	Os01g0105700|OsbHLH071	no
IR64	1	313286	314326	DEL	DEL	DEL	313286	promoter	promoter_deletion	Os01g0105900|.	no
IR64	1	411258	411321	DEL	DEL	INS+DEL	411258	promoter	promoter_deletion	Os01g0107700|.	no
IR64	1	412009	412209	DEL	DEL	INS+DEL	412009	promoter	promoter_deletion	Os01g0107700|.	no
IR64	1	440980	441030	DEL	DEL	DEL	440980	promoter	promoter_deletion	Os01g0108200|OsPOP1	no
IR64	1	443748	443800	DEL	DEL	DEL	443748	intron	intronic_deletion	Os01g0108200|OsPOP1	no
IR64	1	448183	448466	DEL	DEL	DEL	448183	intron	intronic_deletion	Os01g0108200|OsPOP1	no
IR64	1	454249	454699	DEL	DEL	INS+DEL	454249	promoter	promoter_deletion	Os01g0108400|.	no
IR64	1	456520	456581	DEL	DEL	DEL	456520	intron	intronic_deletion	Os01g0108400|.	no
IR64	1	457085	457175	DEL	DEL	INS+DEL+INS	457085	CDS(coding)	truncated_gene	Os01g0108400|.	no
IR64	1	465139	477949	DEL	DEL	DEL	465139	promoter	promoter_deletion	Os01g0108600|P0482C06.23-1	no
IR64	1	481888	481989	DEL	DEL	DEL	481888	promoter	promoter_deletion	Os01g0108700|.	no
IR64	1	481888	481989	DEL	DEL	DEL	481888	promoter	promoter_deletion	Os01g0108800|.	no
IR64	1	507323	508683	DEL	DEL	DEL	507323	promoter	promoter_deletion	Os01g0109201|.	no
IR64	1	507323	508683	DEL	DEL	DEL	507323	promoter	promoter_deletion	Os01g0109366|.	no
IR64	1	528977	529092	DEL	DEL	DEL	528977	promoter	promoter_deletion	Os01g0109750|.	no
IR64	1	548670	548759	DEL	DEL	DEL	548670	promoter	promoter_deletion	Os01g0110400|.	no
IR64	1	581115	581445	DEL	DEL	DEL	581115	promoter	promoter_deletion	Os01g0110800|.	no
IR64	1	630808	630952	DEL	DEL	DEL	630808	promoter	promoter_deletion	Os01g0112000|.	no
IR64	1	691775	712025	DEL	DEL	DEL	691775	CDS(coding)	truncated_gene	Os01g0112800|.	no
IR64	1	691775	712025	DEL	DEL	DEL	691775	CDS(coding)	deleted_gene	Os01g0113000|.	no
IR64	1	691775	712025	DEL	DEL	DEL	691775	CDS(coding)	truncated_gene	Os01g0113150|.	no
IR64	1	726797	727477	DEL	DEL	DEL	726797	promoter	promoter_deletion	Os01g0113325|.	no
IR64	1	726797	727477	DEL	DEL	DEL	726797	promoter	promoter_deletion	Os01g0113350|.	no
IR64	1	731161	731501	DEL	DEL	INS+DEL	731161	CDS(coding)	truncated_gene	Os01g0113350|.	no
IR64	1	731161	731501	DEL	DEL	INS+DEL	731161	CDS(coding)	truncated_gene	Os01g0113400|OsRLCK4	no
IR64	1	731161	731501	DEL	DEL	INS+DEL	731161	CDS(coding)	truncated_gene	Os01g0113450|.	no
IR64	1	732592	733412	DEL	DEL	INS+DEL	732592	CDS(coding)	truncated_gene	Os01g0113400|OsRLCK4	no
IR64	1	732592	733412	DEL	DEL	INS+DEL	732592	CDS(coding)	truncated_gene	Os01g0113450|.	no
IR64	1	733634	734194	DEL	DEL	INS+DEL	733634	CDS(coding)	truncated_gene	Os01g0113400|OsRLCK4	no
IR64	1	733634	734194	DEL	DEL	INS+DEL	733634	CDS(coding)	truncated_gene	Os01g0113450|.	no
IR64	1	733634	734194	DEL	DEL	INS+DEL	733634	CDS(coding)	truncated_gene	Os01g0113500|.	no
IR64	1	734539	734989	DEL	DEL	INS+DEL	734539	CDS(coding)	truncated_gene	Os01g0113400|OsRLCK4	no
IR64	1	734539	734989	DEL	DEL	INS+DEL	734539	CDS(coding)	truncated_gene	Os01g0113500|.	no
IR64	1	735139	735920	DEL	DEL	INS+DEL	735139	CDS(coding)	truncated_gene	Os01g0113400|OsRLCK4	no
IR64	1	735139	735920	DEL	DEL	INS+DEL	735139	CDS(coding)	truncated_gene	Os01g0113500|.	no
IR64	1	749852	750232	DEL	DEL	DEL	749852	promoter	promoter_deletion	Os01g0113950|.	no
IR64	1	750800	751930	DEL	DEL	DEL	750800	promoter	promoter_deletion	Os01g0113950|.	no
IR64	1	752472	802662	hyperCPX_DUP	DUP	hyperCPX_DUP	752472	CDS(coding)	duplicated_gene	Os01g0113900|.	no
IR64	1	752472	802662	hyperCPX_DUP	DUP	hyperCPX_DUP	752472	CDS(coding)	duplicated_gene	Os01g0113950|.	no
IR64	1	752472	802662	hyperCPX_DUP	DUP	hyperCPX_DUP	752472	CDS(coding)	whole_gene_duplication	Os01g0114000|.	no
IR64	1	752472	802662	hyperCPX_DUP	DUP	hyperCPX_DUP	752472	CDS(coding)	whole_gene_duplication	Os01g0114050|.	no
IR64	1	752472	802662	hyperCPX_DUP	DUP	hyperCPX_DUP	752472	CDS(coding)	whole_gene_duplication	Os01g0114100|OsRLCK5	no
IR64	1	752472	802662	hyperCPX_DUP	DUP	hyperCPX_DUP	752472	CDS(coding)	whole_gene_duplication	Os01g0114150|.	no
IR64	1	752472	802662	hyperCPX_DUP	DUP	hyperCPX_DUP	752472	CDS(coding)	whole_gene_duplication	Os01g0114200|.	no
IR64	1	752472	802662	hyperCPX_DUP	DUP	hyperCPX_DUP	752472	CDS(coding)	whole_gene_duplication	Os01g0114300|OsRLCK6	no
IR64	1	752472	802662	hyperCPX_DUP	DUP	hyperCPX_DUP	752472	CDS(coding)	whole_gene_duplication	Os01g0114400|OsRLCK7	no
IR64	1	752472	802662	hyperCPX_DUP	DUP	hyperCPX_DUP	752472	CDS(coding)	whole_gene_duplication	Os01g0114402|.	no
IR64	1	752472	802662	hyperCPX_DUP	DUP	hyperCPX_DUP	752472	CDS(coding)	whole_gene_duplication	Os01g0114550|.	no
IR64	1	752472	802662	hyperCPX_DUP	DUP	hyperCPX_DUP	752472	CDS(coding)	whole_gene_duplication	Os01g0114600|OsRLCK8	no
IR64	1	752472	802662	hyperCPX_DUP	DUP	hyperCPX_DUP	752472	CDS(coding)	whole_gene_duplication	Os01g0114650|.	no
IR64	1	752472	802662	hyperCPX_DUP	DUP	hyperCPX_DUP	752472	CDS(coding)	whole_gene_duplication	Os01g0114700|.	no
IR64	1	752472	802662	hyperCPX_DUP	DUP	hyperCPX_DUP	752472	CDS(coding)	whole_gene_duplication	Os01g0114800|.	no
IR64	1	752472	802662	hyperCPX_DUP	DUP	hyperCPX_DUP	752472	CDS(coding)	whole_gene_duplication	Os01g0114900|OsRLCK9	no
IR64	1	753646	754216	DEL	DEL	INS+DEL	753646	CDS(coding)	truncated_gene	Os01g0113900|.	no
IR64	1	753646	754216	DEL	DEL	INS+DEL	753646	CDS(coding)	truncated_gene	Os01g0113950|.	no
IR64	1	755033	762803	DEL	DEL	DEL	755033	CDS(coding)	deleted_gene	Os01g0114000|.	no
IR64	1	755033	762803	DEL	DEL	DEL	755033	CDS(coding)	deleted_gene	Os01g0114050|.	no
IR64	1	776193	778443	DEL	DEL	DEL	776193	intron	intronic_deletion	Os01g0114402|.	no
IR64	1	782157	783597	DEL	DEL	INS+DEL	782157	exon/UTR	utr_deletion	Os01g0114550|.	no
IR64	1	784580	795320	DEL	DEL	INS+DEL	784580	CDS(coding)	truncated_gene	Os01g0114550|.	no
IR64	1	784580	795320	DEL	DEL	INS+DEL	784580	CDS(coding)	deleted_gene	Os01g0114600|OsRLCK8	no
IR64	1	784580	795320	DEL	DEL	INS+DEL	784580	CDS(coding)	deleted_gene	Os01g0114650|.	no
IR64	1	784580	795320	DEL	DEL	INS+DEL	784580	CDS(coding)	deleted_gene	Os01g0114700|.	no
IR64	1	784580	795320	DEL	DEL	INS+DEL	784580	CDS(coding)	truncated_gene	Os01g0114800|.	no
IR64	1	784580	795320	DEL	DEL	INS+DEL	784580	CDS(coding)	truncated_gene	Os01g0114900|OsRLCK9	no
IR64	1	842788	842998	DEL	DEL	INS+DEL	842788	promoter	promoter_deletion	Os01g0115500|OsRLCK10	no
IR64	1	842788	842998	DEL	DEL	INS+DEL	842788	promoter	promoter_deletion	Os01g0115600|OsRLCK11	no
IR64	1	842788	842998	DEL	DEL	INS+DEL	842788	promoter	promoter_deletion	Os01g0115566|OsRLCK10	no
IR64	1	844302	845823	DEL	DEL	INS+DEL	844302	CDS(coding)	truncated_gene	Os01g0115600|OsRLCK11	no
IR64	1	848019	850800	DEL	DEL	INS+DEL	848019	promoter	promoter_deletion	Os01g0115725|.	no
IR64	1	852107	852159	DEL	DEL	DEL	852107	exon/UTR	utr_deletion	Os01g0115700|.	no
IR64	1	865933	865984	DEL	DEL	DEL	865933	CDS(coding)	truncated_gene	Os01g0116100|.	no
IR64	1	865933	865984	DEL	DEL	DEL	865933	CDS(coding)	truncated_gene	Os01g0115900|.	no
IR64	1	871250	871860	DEL	DEL	DEL	871250	promoter	promoter_deletion	Os01g0116100|.	no
IR64	1	871250	871860	DEL	DEL	DEL	871250	promoter	promoter_deletion	Os01g0116101|.	no
IR64	1	875221	911672	DEL	DEL	INS+DEL	875221	promoter	promoter_deletion	Os01g0116000|Os8Tak3	no
IR64	1	875221	911672	DEL	DEL	INS+DEL	875221	promoter	promoter_deletion	Os01g0116250|.	no
IR64	1	875271	903501	DEL	DEL	DEL	875271	promoter	promoter_deletion	Os01g0116000|Os8Tak3	no
IR64	1	904122	911683	DEL	DEL	INS+DEL	904122	promoter	promoter_deletion	Os01g0116250|.	no
IR64	1	913018	915718	DEL	DEL	INS+DEL	913018	CDS(coding)	truncated_gene	Os01g0116200|OsRLCK13	no
IR64	1	913018	915718	DEL	DEL	INS+DEL	913018	CDS(coding)	truncated_gene	Os01g0116250|.	no
IR64	1	913018	915718	DEL	DEL	INS+DEL	913018	CDS(coding)	truncated_gene	Os01g0116300|OsRLCK14	no
IR64	1	915850	916051	DEL	DEL	INS+DEL	915850	CDS(coding)	truncated_gene	Os01g0116300|OsRLCK14	no
IR64	1	916252	918663	DEL	DEL	INS+DEL	916252	CDS(coding)	truncated_gene	Os01g0116300|OsRLCK14	no
IR64	1	935079	935259	DEL	DEL	INS+DEL	935079	intron	intronic_deletion	Os01g0116900|.	no
IR64	1	935357	937067	DEL	DEL	INS+DEL	935357	CDS(coding)	truncated_gene	Os01g0116900|.	no
IR64	1	935357	937067	DEL	DEL	INS+DEL	935357	CDS(coding)	deleted_gene	Os01g0116800|.	no
IR64	1	935357	937067	DEL	DEL	INS+DEL	935357	CDS(coding)	truncated_gene	Os01g0116901|.	no
IR64	1	937292	937612	DEL	DEL	DEL	937292	exon/UTR	utr_deletion	Os01g0116900|.	no
IR64	1	937292	937612	DEL	DEL	DEL	937292	exon/UTR	utr_deletion	Os01g0116901|.	no
IR64	1	939772	955343	DEL	DEL	INS+DEL	939772	intron	intronic_deletion	Os01g0116900|.	no
IR64	1	958257	958687	DEL	DEL	DEL	958257	CDS(coding)	truncated_gene	Os01g0117000|OsRLCK15	no
IR64	1	958257	958687	DEL	DEL	DEL	958257	CDS(coding)	truncated_gene	Os01g0117025|.	no
IR64	1	959297	960298	DEL	DEL	INS+DEL	959297	CDS(coding)	truncated_gene	Os01g0117000|OsRLCK15	no
IR64	1	959297	960298	DEL	DEL	INS+DEL	959297	CDS(coding)	truncated_gene	Os01g0117025|.	no
IR64	1	960536	961646	DEL	DEL	INS+DEL	960536	CDS(coding)	truncated_gene	Os01g0117000|OsRLCK15	no
IR64	1	960536	961646	DEL	DEL	INS+DEL	960536	CDS(coding)	truncated_gene	Os01g0117025|.	no
IR64	1	960536	961646	DEL	DEL	INS+DEL	960536	CDS(coding)	truncated_gene	Os01g0117050|.	no
IR64	1	961838	964079	DEL	DEL	INS+DEL	961838	CDS(coding)	truncated_gene	Os01g0117050|.	no
IR64	1	961838	964079	DEL	DEL	INS+DEL	961838	CDS(coding)	truncated_gene	Os01g0117100|.	no
IR64	1	965136	984427	DEL	DEL	INS+DEL	965136	CDS(coding)	truncated_gene	Os01g0117100|.	no
IR64	1	965136	984427	DEL	DEL	INS+DEL	965136	CDS(coding)	deleted_gene	Os01g0117200|OsRLCK16	no
IR64	1	965136	984427	DEL	DEL	INS+DEL	965136	CDS(coding)	deleted_gene	Os01g0117233|.	no
IR64	1	965136	984427	DEL	DEL	INS+DEL	965136	CDS(coding)	deleted_gene	Os01g0117266|OsRLCK17	no
IR64	1	965136	984427	DEL	DEL	INS+DEL	965136	CDS(coding)	deleted_gene	Os01g0117300|OsRLCK17	no
IR64	1	986074	996424	DEL	DEL	DEL	986074	CDS(coding)	truncated_gene	Os01g0117450|.	no
IR64	1	986074	996424	DEL	DEL	DEL	986074	CDS(coding)	deleted_gene	Os01g0117500|.	no
IR64	1	986074	996424	DEL	DEL	DEL	986074	CDS(coding)	truncated_gene	Os01g0117600|.	no
IR64	1	986074	996424	DEL	DEL	DEL	986074	CDS(coding)	truncated_gene	Os01g0117650|.	no
IR64	1	997256	998047	DEL	DEL	INS+DEL	997256	CDS(coding)	truncated_gene	Os01g0117600|.	no
IR64	1	997256	998047	DEL	DEL	INS+DEL	997256	CDS(coding)	truncated_gene	Os01g0117700|.	no
IR64	1	998627	999877	DEL	DEL	INS+DEL	998627	CDS(coding)	truncated_gene	Os01g0117700|.	no
IR64	1	1061131	1061246	DEL	DEL	INS+DEL	1061131	promoter	promoter_deletion	Os01g0118400|.	no
IR64	1	1061779	1062759	DEL	DEL	DEL	1061779	promoter	promoter_deletion	Os01g0118400|.	no
IR64	1	1093663	1093893	DEL	DEL	DEL	1093663	promoter	promoter_deletion	Os01g0119100|.	no
IR64	1	1375757	1377297	DEL	DEL	DEL	1375757	CDS(coding)	truncated_gene	Os01g0125000|P0044F08.8	no
IR64	1	1394848	1396388	DEL	DEL	DEL	1394848	CDS(coding)	truncated_gene	Os01g0125500|.	no
IR64	1	1420758	1420809	DEL	DEL	DEL	1420758	promoter	promoter_deletion	Os01g0125900|OsUBC34	no
IR64	1	1439486	1443026	DEL	DEL	DEL	1439486	intron	intronic_deletion	Os01g0126200|OsLPR2	no
IR64	1	1450608	1483308	DEL	DEL	DEL	1450608	promoter	promoter_deletion	Os01g0126401|.	no
IR64	1	1489960	1490770	DUP	DUP	DUP+INS	1489960	exon/UTR	duplicated_gene	Os01g0127000|OsLPR3	no
IR64	1	1499148	1499888	DEL	DEL	INS+DEL	1499148	intron	intronic_deletion	Os01g0127200|OsLPR5	no
IR64	1	1859589	1860759	DEL	DEL	DEL	1859589	promoter	promoter_deletion	Os01g0133650|.	no
IR64	1	1916884	1925314	DEL	DEL	DEL	1916884	promoter	promoter_deletion	Os01g0134900|.	no
IR64	1	1926621	1926688	DEL	DEL	DEL	1926621	promoter	promoter_deletion	Os01g0135600|.	no
IR64	1	1949446	1951636	invDUP	DUP	invDUP+INS+DEL	1949446	CDS(coding)	duplicated_gene	Os01g0136100|Oshsp16.9A	no
IR64	1	1951696	1952026	DEL	DEL	invDUP+INS+DEL	1949446	exon/UTR	utr_deletion	Os01g0136200|Oshsp16.9B	no
IR64	1	1959432	1960733	DEL	DEL	INS+DEL	1959432	CDS(coding)	truncated_gene	Os01g0136400|OsWAK1	no
IR64	1	1961071	1961712	DEL	DEL	INS+DEL	1961071	CDS(coding)	truncated_gene	Os01g0136400|OsWAK1	no
IR64	1	1961071	1961712	DEL	DEL	INS+DEL	1961071	CDS(coding)	truncated_gene	Os01g0136450|.	no
IR64	1	1964294	1964364	DEL	DEL	INS+DEL	1964294	intron	intronic_deletion	Os01g0136400|OsWAK1	no
IR64	1	1966343	1966433	DEL	DEL	INS+DEL	1966343	intron	intronic_deletion	Os01g0136400|OsWAK1	no
IR64	1	1969221	1970782	DEL	DEL	INS+DEL	1969221	CDS(coding)	deleted_gene	Os01g0136600|.	no
IR64	1	1973034	1973644	DEL	DEL	DEL	1973034	exon/UTR	utr_deletion	Os01g0136700|.	no
IR64	1	1978960	1979581	DEL	DEL	INS+DEL	1978960	CDS(coding)	truncated_gene	Os01g0136800|OsWAK2	no
IR64	1	1978960	1979581	DEL	DEL	INS+DEL	1978960	CDS(coding)	truncated_gene	Os01g0136850|.	no
IR64	1	1987505	1987985	DEL	DEL	DEL	1987505	promoter	promoter_deletion	Os01g0137232|.	no
IR64	1	1987505	1987985	DEL	DEL	DEL	1987505	promoter	promoter_deletion	Os01g0137400|OsRLCK21	no
IR64	1	2002531	2020531	DEL	DEL	DEL	2002531	CDS(coding)	truncated_gene	Os01g0137400|OsRLCK21	no
IR64	1	2002531	2020531	DEL	DEL	DEL	2002531	CDS(coding)	truncated_gene	Os01g0137300|.	no
IR64	1	2002531	2020531	DEL	DEL	DEL	2002531	CDS(coding)	deleted_gene	Os01g0137500|OsRLCK22	no
IR64	1	2002531	2020531	DEL	DEL	DEL	2002531	CDS(coding)	deleted_gene	Os01g0137550|.	no
IR64	1	2155357	2155409	DEL	DEL	DEL	2155357	exon/UTR	utr_deletion	Os01g0140700|AP2/EREBP#077	no
IR64	1	2179982	2200502	DEL	DEL	DEL	2179982	promoter	promoter_deletion	Os01g0141000|AP2/EREBP129	no
IR64	1	2298704	2306474	DEL	DEL	INS+DEL	2298704	promoter	promoter_deletion	Os01g0142875|.	no
IR64	1	2335575	2341725	DEL	DEL	DEL	2335575	CDS(coding)	truncated_gene	Os01g0142950|.	no
IR64	1	2357024	2357534	DEL	DEL	DEL	2357024	promoter	promoter_deletion	Os01g0143350|.	no
IR64	1	2363795	2367695	DEL	DEL	DEL	2363795	CDS(coding)	truncated_gene	Os01g0143400|.	no
IR64	1	2383131	2383641	DEL	DEL	DEL	2383131	exon/UTR	utr_deletion	Os01g0144100|.	no
IR64	1	2541576	2542876	DEL	DEL	DEL	2541576	CDS(coding)	deleted_gene	Os01g0146801|.	no
IR64	1	2552781	2560821	DEL	DEL	INS+DEL	2552781	promoter	promoter_deletion	Os01g0147200|IWS1	no
IR64	1	2593129	2593372	DEL	DEL	DEL	2593129	intron	intronic_deletion	Os01g0147900|OsTPI1	no
IR64	1	2593129	2593372	DEL	DEL	DEL	2593129	intron	intronic_deletion	Os01g0147950|.	no
IR64	1	2598981	2599101	DEL	DEL	INS+DEL	2598981	promoter	promoter_deletion	Os01g0148000|.	no
IR64	1	2630589	2631429	DEL	DEL	INS+DEL	2630589	promoter	promoter_deletion	Os01g0148400|.	no
IR64	1	2674819	2687119	DUP	DUP	DUP	2674819	CDS(coding)	whole_gene_duplication	Os01g0149500|PIT	no
IR64	1	2674819	2687119	DUP	DUP	DUP	2674819	CDS(coding)	duplicated_gene	Os01g0149600|H2B	no
IR64	1	2731573	2735443	DEL	DEL	DEL	2731573	intron	intronic_deletion	Os01g0150500|.	no
IR64	1	2731573	2735443	DEL	DEL	DEL	2731573	intron	intronic_deletion	Os01g0150700|.	no
IR64	1	2736836	2739926	DEL	DEL	DEL	2736836	exon/UTR	utr_deletion	Os01g0150700|.	no
IR64	1	2749414	2750284	DEL	DEL	INS+DEL	2749414	promoter	promoter_deletion	Os01g0150900|.	no
IR64	1	2752351	2753281	DEL	DEL	DEL	2752351	CDS(coding)	truncated_gene	Os01g0150900|.	yes
IR64	1	2757060	2757620	DEL	DEL	DEL	2757060	intron	intronic_deletion	Os01g0150900|.	no
IR64	1	2774648	2775918	DEL	DEL	DEL	2774648	promoter	promoter_deletion	Os01g0151400|.	no
IR64	1	2776537	2776887	DEL	DEL	INS+DEL	2776537	promoter	promoter_deletion	Os01g0151400|.	no
IR64	1	2780687	2781017	DEL	DEL	DEL	2780687	intron	intronic_deletion	Os01g0151400|.	no
IR64	1	2782460	2782950	DEL	DEL	DEL	2782460	promoter	promoter_deletion	Os01g0151500|.	no
IR64	1	2783784	2784255	DEL	DEL	INS+DEL	2783784	intron	intronic_deletion	Os01g0151500|.	no
IR64	1	2784796	2785726	DEL	DEL	DEL	2784796	intron	intronic_deletion	Os01g0151500|.	no
IR64	1	2786001	2786912	DEL	DEL	INS+DEL	2786001	intron	intronic_deletion	Os01g0151500|.	no
IR64	1	2805000	2805820	DEL	DEL	INS+DEL	2805000	CDS(coding)	truncated_gene	Os01g0151900|.	no
IR64	1	2807832	2808422	DEL	DEL	DEL	2807832	exon/UTR	utr_deletion	Os01g0151900|.	no
IR64	1	2809035	2810245	DEL	DEL	INS+DEL	2809035	promoter	promoter_deletion	Os01g0152000|.	no
IR64	1	2810991	2811141	DEL	DEL	INS+DEL	2810991	exon/UTR	utr_deletion	Os01g0152000|.	no
IR64	1	2816693	2817713	DEL	DEL	INS+DEL	2816693	CDS(coding)	truncated_gene	Os01g0152050|.	no
IR64	1	2816693	2817713	DEL	DEL	INS+DEL	2816693	CDS(coding)	truncated_gene	Os01g0152200|Os_F0739	no
IR64	1	2819223	2819503	DEL	DEL	INS+DEL	2819223	exon/UTR	utr_deletion	Os01g0152050|.	no
IR64	1	2823533	2829984	DEL	DEL	INS+DEL	2823533	CDS(coding)	deleted_gene	Os01g0152500|.	no
IR64	1	2823558	2829979	DEL	DEL	INS+DEL	2823558	CDS(coding)	deleted_gene	Os01g0152500|.	no
IR64	1	2855349	2855970	DEL	DEL	INS+DEL	2855349	promoter	promoter_deletion	Os01g0153050|.	no
IR64	1	2882686	2883496	DEL	DEL	INS+DEL	2882686	promoter	promoter_deletion	Os01g0153500|.	no
IR64	1	2883648	2885219	DEL	DEL	INS+DEL	2883648	promoter	promoter_deletion	Os01g0153500|.	no
IR64	1	2886147	2886207	DEL	DEL	DEL+DEL+INS	2886147	intron	intronic_deletion	Os01g0153500|.	no
IR64	1	2886317	2886657	DEL	DEL	DEL+DEL+INS	2886147	promoter	promoter_deletion	Os01g0153625|.	no
IR64	1	2886317	2886657	DEL	DEL	DEL+DEL+INS	2886147	promoter	promoter_deletion	Os01g0153550|.	no
IR64	1	2887307	2887708	DEL	DEL	INS+DEL	2887307	intron	intronic_deletion	Os01g0153600|P0030H07.28	no
IR64	1	2901271	2901571	DEL	DEL	DEL	2901271	promoter	promoter_deletion	Os01g0153900|.	no
IR64	1	2908355	2919936	DEL	DEL	INS+DEL	2908355	promoter	promoter_deletion	Os01g0154100|.	no
IR64	1	2908355	2919936	DEL	DEL	INS+DEL	2908355	promoter	promoter_deletion	Os01g0154250|.	no
IR64	1	2981371	2981441	DEL	DEL	INS+DEL	2981371	promoter	promoter_deletion	Os01g0155500|OsCrRLK1L4	yes
IR64	1	2989469	2997959	DEL	DEL	DEL	2989469	promoter	promoter_deletion	Os01g0155600|.	no
IR64	1	2989469	2997959	DEL	DEL	DEL	2989469	promoter	promoter_deletion	Os01g0155800|.	no
IR64	1	2999670	3000091	DEL	DEL	INS+DEL	2999670	intron	intronic_deletion	Os01g0155800|.	no
IR64	1	3000522	3000732	DEL	DEL	INS+DEL	3000522	intron	intronic_deletion	Os01g0155800|.	no
IR64	1	3007423	3012253	DEL	DEL	DEL	3007423	promoter	promoter_deletion	Os01g0156000|.	no
IR64	1	3059957	3078457	DEL	DEL	INS+DEL+DEL	3059957	CDS(coding)	deleted_gene	Os01g0158500|.	no
IR64	1	3059957	3078457	DEL	DEL	INS+DEL+DEL	3059957	CDS(coding)	deleted_gene	Os01g0158533|.	no
IR64	1	3059957	3078457	DEL	DEL	INS+DEL+DEL	3059957	CDS(coding)	deleted_gene	Os01g0158566|.	no
IR64	1	3059957	3078457	DEL	DEL	INS+DEL+DEL	3059957	CDS(coding)	deleted_gene	Os01g0158600|.	no
IR64	1	3079707	3082407	DEL	DEL	INS+DEL+DEL	3059957	intron	intronic_deletion	Os01g0158800|.	no
IR64	1	3083787	3083850	DEL	DEL	DEL	3083787	intron	intronic_deletion	Os01g0158800|.	no
IR64	1	3090957	3091199	DEL	DEL	INS+DEL	3090957	promoter	promoter_deletion	Os01g0158900|.	no
IR64	1	3092803	3093103	DEL	DEL	INS+DEL	3092803	promoter	promoter_deletion	Os01g0158900|.	no
IR64	1	3092803	3093103	DEL	DEL	INS+DEL	3092803	promoter	promoter_deletion	Os01g0159000|OsDOG1L-2	no
IR64	1	3107216	3107287	DEL	DEL	DEL	3107216	promoter	promoter_deletion	Os01g0159300|.	no
IR64	1	3115022	3122042	DEL	DEL	DEL	3115022	promoter	promoter_deletion	Os01g0159400|.	no
IR64	1	3115022	3122042	DEL	DEL	DEL	3115022	promoter	promoter_deletion	Os01g0159500|.	no
IR64	1	3123138	3123698	DEL	DEL	DEL	3123138	CDS(coding)	truncated_gene	Os01g0159500|.	no
IR64	1	3138566	3138806	DEL	DEL	DEL	3138566	intron	intronic_deletion	Os01g0160100|.	no
IR64	1	3138566	3138806	DEL	DEL	DEL	3138566	intron	intronic_deletion	Os01g0160150|.	no
IR64	1	3138904	3139145	DEL	DEL	DEL	3138904	intron	intronic_deletion	Os01g0160100|.	no
IR64	1	3138904	3139145	DEL	DEL	DEL	3138904	intron	intronic_deletion	Os01g0160150|.	no
IR64	1	3140462	3140686	DEL	DEL	DEL	3140462	promoter	promoter_deletion	Os01g0160100|.	no
IR64	1	3141156	3178987	DEL	DEL	INS+DEL+INS	3141156	CDS(coding)	deleted_gene	Os01g0160200|.	no
IR64	1	3185378	3282479	hyperCPX_INS+DEL	DEL	hyperCPX_INS+DEL	3185378	CDS(coding)	deleted_gene	Os01g0160800|.	no
IR64	1	3185378	3282479	hyperCPX_INS+DEL	DEL	hyperCPX_INS+DEL	3185378	CDS(coding)	deleted_gene	Os01g0161000|.	no
IR64	1	3185378	3282479	hyperCPX_INS+DEL	DEL	hyperCPX_INS+DEL	3185378	CDS(coding)	deleted_gene	Os01g0161200|.	no
IR64	1	3185378	3282479	hyperCPX_INS+DEL	DEL	hyperCPX_INS+DEL	3185378	CDS(coding)	deleted_gene	Os01g0161300|.	no
IR64	1	3185378	3282479	hyperCPX_INS+DEL	DEL	hyperCPX_INS+DEL	3185378	CDS(coding)	deleted_gene	Os01g0162001|.	no
IR64	1	3185378	3282479	hyperCPX_INS+DEL	DEL	hyperCPX_INS+DEL	3185378	CDS(coding)	deleted_gene	Os01g0162101|.	no
IR64	1	3185378	3282479	hyperCPX_INS+DEL	DEL	hyperCPX_INS+DEL	3185378	CDS(coding)	deleted_gene	Os01g0162200|.	no
IR64	1	3185378	3282479	hyperCPX_INS+DEL	DEL	hyperCPX_INS+DEL	3185378	CDS(coding)	deleted_gene	Os01g0162300|.	no
IR64	1	3185378	3282479	hyperCPX_INS+DEL	DEL	hyperCPX_INS+DEL	3185378	CDS(coding)	deleted_gene	Os01g0162400|.	no
IR64	1	3185378	3282479	hyperCPX_INS+DEL	DEL	hyperCPX_INS+DEL	3185378	CDS(coding)	deleted_gene	Os01g0162500|.	no
IR64	1	3185378	3282479	hyperCPX_INS+DEL	DEL	hyperCPX_INS+DEL	3185378	CDS(coding)	deleted_gene	Os01g0162701|.	no
IR64	1	3185378	3282479	hyperCPX_INS+DEL	DEL	hyperCPX_INS+DEL	3185378	CDS(coding)	deleted_gene	Os01g0162800|.	no
IR64	1	3186194	3195945	DEL	DEL	INS+DEL	3186194	CDS(coding)	deleted_gene	Os01g0160800|.	no
IR64	1	3199324	3203134	DEL	DEL	DEL	3199324	CDS(coding)	truncated_gene	Os01g0161000|.	no
IR64	1	3221355	3221835	DUP	DUP	DEL+INS+DUP+DEL	3205035	promoter	promoter_duplication	Os01g0161300|.	no
IR64	1	3226482	3227102	DEL	DEL	INS+DEL	3226482	CDS(coding)	truncated_gene	Os01g0161200|.	no
IR64	1	3226785	3228945	DEL	DEL	DEL+INS+DUP+DEL	3205035	promoter	promoter_deletion	Os01g0161200|.	no
IR64	1	3253163	3255624	DEL	DEL	INS+DEL	3253163	promoter	promoter_deletion	Os01g0162300|.	no
IR64	1	3257086	3257216	DEL	DEL	INS+DEL	3257086	CDS(coding)	truncated_gene	Os01g0162300|.	no
IR64	1	3290387	3290441	DEL	DEL	DEL	3290387	promoter	promoter_deletion	Os01g0163450|.	no
IR64	1	3290724	3290804	DEL	DEL	DEL	3290724	promoter	promoter_deletion	Os01g0163450|.	no
IR64	1	3292951	3294111	DEL	DEL	DEL	3292951	CDS(coding)	truncated_gene	Os01g0163450|.	no
IR64	1	3292951	3294111	DEL	DEL	DEL	3292951	CDS(coding)	deleted_gene	Os01g0163616|.	no
IR64	1	3295570	3296000	DEL	DEL	INS+DEL	3295570	promoter	promoter_deletion	Os01g0163616|.	no
IR64	1	3332058	3332949	DEL	DEL	INS+DEL	3332058	promoter	promoter_deletion	Os01g0164500|BIP115	no
IR64	1	3332058	3332949	DEL	DEL	INS+DEL	3332058	promoter	promoter_deletion	Os01g0164650|.	no
IR64	1	3344018	3344649	DEL	DEL	INS+DEL	3344018	intron	intronic_deletion	Os01g0164800|.	no
IR64	1	3398246	3398413	DEL	DEL	DEL	3398246	intron	intronic_deletion	Os01g0166100|.	no
IR64	1	3403485	3403706	DEL	DEL	DEL	3403485	CDS(coding)	truncated_gene	Os01g0166300|.	no
IR64	1	3416347	3416967	DEL	DEL	DEL	3416347	promoter	promoter_deletion	Os01g0166500|P0028E10.1	no
IR64	1	3500790	3500936	DUP	DUP	DUP	3500790	promoter	promoter_duplication	Os01g0168400|.	no
IR64	1	3508834	3509077	DEL	DEL	DEL	3508834	intron	intronic_deletion	Os01g0168500|OsATG18b	no
IR64	1	3640293	3640633	DEL	DEL	DEL	3640293	promoter	promoter_deletion	Os01g0170500|.	no
IR64	1	3651352	3652132	DEL	DEL	DEL	3651352	promoter	promoter_deletion	Os01g0170700|.	no
IR64	1	3802798	3803017	DEL	DEL	DEL	3802798	promoter	promoter_deletion	Os01g0173900|OsABCC3	no
IR64	1	3803860	3804311	DEL	DEL	INS+DEL	3803860	promoter	promoter_deletion	Os01g0173900|OsABCC3	no
IR64	1	3813679	3813941	DEL	DEL	DEL	3813679	promoter	promoter_deletion	Os01g0174000|OsbZIP01	no
IR64	1	3819174	3819231	DEL	DEL	DEL	3819174	exon/UTR	utr_deletion	Os01g0174200|.	no
IR64	1	3828809	3829199	DEL	DEL	DEL	3828809	exon/UTR	utr_deletion	Os01g0174400|.	no
IR64	1	3828809	3829199	DEL	DEL	DEL	3828809	exon/UTR	utr_deletion	Os01g0174500|.	no
IR64	1	3830314	3830383	DEL	DEL	INS+DEL	3830314	exon/UTR	utr_deletion	Os01g0174500|.	no
IR64	1	3837588	3837988	DEL	DEL	DEL	3837588	exon/UTR	utr_deletion	Os01g0174700|OsPIDlike	no
IR64	1	3842015	3842316	DEL	DEL	INS+DEL	3842015	promoter	promoter_deletion	Os01g0174900|OsGRX1	no
IR64	1	3850308	3850859	DEL	DEL	INS+DEL	3850308	promoter	promoter_deletion	Os01g0175000|.	no
IR64	1	3850975	3851535	DEL	DEL	INS+DEL	3850975	promoter	promoter_deletion	Os01g0175000|.	no
IR64	1	3861629	3871679	DEL	DEL	DEL	3861629	CDS(coding)	truncated_gene	Os01g0175400|.	no
IR64	1	3877530	3877851	DEL	DEL	INS+DEL	3877530	CDS(coding)	truncated_gene	Os01g0175500|.	no
IR64	1	3884128	3885269	DEL	DEL	INS+DEL	3884128	promoter	promoter_deletion	Os01g0175600|BOR2	no
IR64	1	3892054	3892764	DEL	DEL	INS+DEL	3892054	promoter	promoter_deletion	Os01g0175733|.	no
IR64	1	3892803	3893844	DEL	DEL	INS+DEL	3892803	promoter	promoter_deletion	Os01g0175733|.	no
IR64	1	3900601	3908342	DEL	DEL	INS+DEL	3900601	promoter	promoter_deletion	Os01g0175700|BOR2	no
IR64	1	3916861	3917131	DEL	DEL	DEL	3916861	promoter	promoter_deletion	Os01g0176000|OsUGT98B1	no
IR64	1	3916861	3917131	DEL	DEL	DEL	3916861	promoter	promoter_deletion	Os01g0175850|.	no
IR64	1	3919137	3919287	DEL	DEL	DEL	3919137	intron	intronic_deletion	Os01g0176000|OsUGT98B1	no
IR64	1	3919137	3919287	DEL	DEL	DEL	3919137	intron	intronic_deletion	Os01g0176050|.	no
IR64	1	3952380	3952437	DEL	DEL	DEL	3952380	promoter	promoter_deletion	Os01g0176700|.	no
IR64	1	3956582	3956695	DEL	DEL	DEL	3956582	promoter	promoter_deletion	Os01g0176800|.	no
IR64	1	4058398	4058958	DEL	DEL	DEL	4058398	promoter	promoter_deletion	Os01g0178100|.	no
IR64	1	4058398	4058958	DEL	DEL	DEL	4058398	promoter	promoter_deletion	Os01g0178000|P0509B06.2-1	no
IR64	1	4095847	4096467	DEL	DEL	DEL	4095847	promoter	promoter_deletion	Os01g0178775|.	no
IR64	1	4154993	4155060	DEL	DEL	DEL	4154993	promoter	promoter_deletion	Os01g0179600|OsUGT75K1	no
IR64	1	4285012	4285283	DEL	DEL	DEL	4285012	promoter	promoter_deletion	Os01g0181300|.	no
IR64	1	4332874	4333128	DEL	DEL	DEL	4332874	intron	intronic_deletion	Os01g0182600|GI	no
IR64	1	4338962	4339185	DEL	DEL	DEL	4338962	promoter	promoter_deletion	Os01g0182600|GI	no
IR64	1	4351348	4351413	DEL	DEL	DEL	4351348	intron	intronic_deletion	Os01g0182700|OsWRKY102	no
IR64	1	4356731	4367382	DEL	DEL	INS+DEL	4356731	promoter	promoter_deletion	Os01g0182700|OsWRKY102	no
IR64	1	4448441	4448684	DEL	DEL	DEL	4448441	promoter	promoter_deletion	Os01g0184050|.	yes
IR64	1	4450263	4485454	DEL	DEL	INS+DEL	4450263	CDS(coding)	deleted_gene	Os01g0184200|.	no
IR64	1	4486493	4486546	DEL	DEL	DEL	4486493	intron	intronic_deletion	Os01g0184500|OsRH39	no
IR64	1	4490729	4490787	DEL	DEL	INS+DEL	4490729	promoter	promoter_deletion	Os01g0184500|OsRH39	no
IR64	1	4492334	4493004	DEL	DEL	INS+DEL	4492334	promoter	promoter_deletion	Os01g0184700|.	no
IR64	1	4493809	4494219	DEL	DEL	DEL	4493809	intron	intronic_deletion	Os01g0184700|.	no
IR64	1	4496362	4496492	DEL	DEL	INS+DEL	4496362	intron	intronic_deletion	Os01g0184800|.	no
IR64	1	4504388	4506838	DEL	DEL	DEL	4504388	CDS(coding)	deleted_gene	Os01g0185000|.	no
IR64	1	4638977	4645037	DEL	DEL	DEL	4638977	promoter	promoter_deletion	Os01g0186900|.	no
IR64	1	4667732	4667999	DEL	DEL	DEL	4667732	exon/UTR	utr_deletion	Os01g0187300|.	no
IR64	1	4724270	4725270	INV	INV	INV+DEL	4724270	promoter	promoter_inversion	Os01g0188100|.	no
IR64	1	4725280	4725500	DEL	DEL	INV+DEL	4724270	promoter	promoter_deletion	Os01g0188100|.	no
IR64	1	4776258	4781928	DEL	DEL	DEL	4776258	intron	intronic_deletion	Os01g0189100|.	no
IR64	1	4783890	4787700	DEL	DEL	DEL	4783890	promoter	promoter_deletion	Os01g0189100|.	no
IR64	1	4783890	4787700	DEL	DEL	DEL	4783890	promoter	promoter_deletion	Os01g0189700|.	no
IR64	1	4814948	4815109	DEL	DEL	DEL	4814948	promoter	promoter_deletion	Os01g0190300|OsIAA2	no
IR64	1	4815718	4816639	DEL	DEL	DEL+INS	4815718	promoter	promoter_deletion	Os01g0190300|OsIAA2	no
IR64	1	4886137	4886318	DEL	DEL	DEL	4886137	promoter	promoter_deletion	Os01g0191300|ONAC003	no
IR64	1	5097597	5097715	DEL	DEL	DEL	5097597	promoter	promoter_deletion	Os01g0195000|OsIDD2	no
IR64	1	5097775	5097865	DEL	DEL	DEL	5097775	promoter	promoter_deletion	Os01g0195000|OsIDD2	no
IR64	1	5189877	5210728	DEL	DEL	INS+DEL	5189877	CDS(coding)	deleted_gene	Os01g0196133|.	no
IR64	1	5189877	5210728	DEL	DEL	INS+DEL	5189877	CDS(coding)	deleted_gene	Os01g0196300|DPF	no
IR64	1	5272517	5272758	DEL	DEL	DEL	5272517	intron	intronic_deletion	Os01g0197700|Gn1a	no
IR64	1	5273839	5274160	DEL	DEL	INS+DEL	5273839	intron	intronic_deletion	Os01g0197700|Gn1a	no
IR64	1	5303516	5303566	DEL	DEL	DEL	5303516	promoter	promoter_deletion	Os01g0197900|OsRDR3	no
IR64	1	5329936	5330053	DEL	DEL	DEL	5329936	intron	intronic_deletion	Os01g0198200|P0419B01.29-1	no
IR64	1	5330586	5330658	DEL	DEL	DEL	5330586	intron	intronic_deletion	Os01g0198200|P0419B01.29-1	no
IR64	1	5336512	5339842	DEL	DEL	DEL	5336512	promoter	promoter_deletion	Os01g0198200|P0419B01.29-1	no
IR64	1	5386521	5388391	DEL	DEL	DEL	5386521	promoter	promoter_deletion	Os01g0199550|.	no
IR64	1	5399745	5399807	DEL	DEL	DEL	5399745	intron	intronic_deletion	Os01g0199700|.	no
IR64	1	5426104	5426199	DEL	DEL	DEL	5426104	promoter	promoter_deletion	Os01g0200350|.	no
IR64	1	5478063	5478177	DEL	DEL	DEL	5478063	promoter	promoter_deletion	Os01g0200700|OsMT3a	no
IR64	1	5528627	5528863	DEL	DEL	DEL	5528627	promoter	promoter_deletion	Os01g0201275|D-h(t)*	no
IR64	1	5583962	5584402	DEL	DEL	DEL	5583962	exon/UTR	utr_deletion	Os01g0201800|.	no
IR64	1	5583962	5584402	DEL	DEL	DEL	5583962	exon/UTR	utr_deletion	Os01g0201850|.	no
IR64	1	5803575	5806695	DEL	DEL	DEL	5803575	promoter	promoter_deletion	Os01g0206600|.	no
IR64	1	5819341	5823181	DEL	DEL	DEL	5819341	promoter	promoter_deletion	Os01g0206800|.	no
IR64	1	5862249	5862509	DEL	DEL	INS+DEL	5862249	promoter	promoter_deletion	Os01g0208000|OsUMAMIT4	no
IR64	1	5929688	5930298	DEL	DEL	DEL	5929688	intron	intronic_deletion	Os01g0209200|GF14G	no
IR64	1	5931468	5931759	DEL	DEL	DEL	5931468	intron	intronic_deletion	Os01g0209200|GF14G	no
IR64	1	6079398	6079486	DEL	DEL	DEL	6079398	promoter	promoter_deletion	Os01g0211600|.	no
IR64	1	6174324	6178104	DEL	DEL	DEL	6174324	promoter	promoter_deletion	Os01g0212700|.	no
IR64	1	6193934	6194524	DEL	DEL	DEL	6193934	promoter	promoter_deletion	Os01g0213350|.	no
IR64	1	6201296	6201461	DEL	DEL	DEL	6201296	promoter	promoter_deletion	Os01g0213400|OsRFPH2-8	no
IR64	1	6201305	6201411	DEL	DEL	DEL	6201305	promoter	promoter_deletion	Os01g0213400|OsRFPH2-8	no
IR64	1	6220219	6220539	DEL	DEL	DEL	6220219	promoter	promoter_deletion	Os01g0214001|.	no
IR64	1	6614399	6614511	DEL	DEL	DEL	6614399	promoter	promoter_deletion	Os01g0220700|OsSWEET3b	no
IR64	1	6647926	6647993	DEL	DEL	DEL	6647926	promoter	promoter_deletion	Os01g0221400|.	no
IR64	1	6715715	6716555	DEL	DEL	INS+DEL	6715715	CDS(coding)	truncated_gene	Os01g0222900|.	no
IR64	1	6833590	6833920	DEL	DEL	DEL	6833590	intron	intronic_deletion	Os01g0224300|.	no
IR64	1	6978546	6978811	DEL	DEL	DEL	6978546	promoter	promoter_deletion	Os01g0226400|.	no
IR64	1	6978546	6978811	DEL	DEL	DEL	6978546	promoter	promoter_deletion	Os01g0226500|P0492F05.33-1	no
IR64	1	7060216	7060317	DEL	DEL	DEL	7060216	promoter	promoter_deletion	Os01g0227700|.	no
IR64	1	7063413	7063464	DEL	DEL	DEL	7063413	intron	intronic_deletion	Os01g0227700|.	no
IR64	1	8744570	8745390	DEL	DEL	DEL	8744570	promoter	promoter_deletion	Os01g0260500|.	no
IR64	1	8749217	8749432	DEL	DEL	DEL	8749217	exon/UTR	utr_deletion	Os01g0260500|.	no
IR64	1	8750654	8751074	DEL	DEL	DEL	8750654	exon/UTR	utr_deletion	Os01g0260500|.	no
IR64	1	8804299	8809339	DEL	DEL	DEL	8804299	promoter	promoter_deletion	Os01g0261500|P0469E09.8-1	no
IR64	1	8817641	8822231	DEL	DEL	DEL	8817641	CDS(coding)	truncated_gene	Os01g0261600|.	no
IR64	1	8817641	8822231	DEL	DEL	DEL	8817641	CDS(coding)	truncated_gene	Os01g0261700|.	no
IR64	1	8822560	8827720	DEL	DEL	DEL	8822560	exon/UTR	utr_deletion	Os01g0261700|.	no
IR64	1	8886080	8886351	DEL	DEL	DEL	8886080	intron	intronic_deletion	Os01g0262600|OsGT1	no
IR64	1	8917017	8917072	DEL	DEL	DEL	8917017	promoter	promoter_deletion	Os01g0263300|atp6	no
IR64	1	8930037	8930100	DEL	DEL	DEL	8930037	promoter	promoter_deletion	Os01g0263600|Du1L	no
IR64	1	8985593	8985984	DEL	DEL	INS+DEL	8985593	promoter	promoter_deletion	Os01g0264400|.	no
IR64	1	9021515	9021578	DEL	DEL	DEL	9021515	intron	intronic_deletion	Os01g0265100|OsARFA1e	no
IR64	1	9029167	9035437	DEL	DEL	DEL	9029167	promoter	promoter_deletion	Os01g0265200|OsPAPST1	no
IR64	1	9061436	9061501	DEL	DEL	DEL	9061436	promoter	promoter_deletion	Os01g0265700|.	no
IR64	1	9111024	9112004	DEL	DEL	DEL	9111024	promoter	promoter_deletion	Os01g0266400|.	no
IR64	1	9122720	9122787	DEL	DEL	INS+DEL	9122720	promoter	promoter_deletion	Os01g0266600|OsPrxII	no
IR64	1	9204011	9204139	DEL	DEL	DEL	9204011	promoter	promoter_deletion	Os01g0268201|.	no
IR64	1	9210634	9210755	DEL	DEL	DEL	9210634	intron	intronic_deletion	Os01g0268100|OsZIFL1	no
IR64	1	9212042	9212100	DEL	DEL	DEL	9212042	promoter	promoter_deletion	Os01g0268100|OsZIFL1	no
IR64	1	9266912	9266962	DEL	DEL	DEL	9266912	intron	intronic_deletion	Os01g0268900|.	no
IR64	1	9437118	9437176	DEL	DEL	DEL	9437118	promoter	promoter_deletion	Os01g0272901|.	no
IR64	1	9492457	9492517	DUP	DUP	DUP+INS	9492457	intron	duplicated_gene	Os01g0273800|OsYUCCA9	no
IR64	1	9498689	9512129	DEL	DEL	DEL	9498689	CDS(coding)	truncated_gene	Os01g0273900|.	no
IR64	1	9584977	9585231	DEL	DEL	DEL	9584977	promoter	promoter_deletion	Os01g0274901|.	no
IR64	1	9630404	9630511	DEL	DEL	DEL	9630404	promoter	promoter_deletion	Os01g0275500|.	no
IR64	1	9727166	9727269	DEL	DEL	DEL	9727166	promoter	promoter_deletion	Os01g0277100|.	no
IR64	1	9761532	9762272	DEL	DEL	DEL	9761532	promoter	promoter_deletion	ENSRNA049471293|MIR159	yes
IR64	1	9785829	9786035	DEL	DEL	DEL	9785829	promoter	promoter_deletion	Os01g0278050|.	no
IR64	1	9788818	9789022	DEL	DEL	DEL	9788818	CDS(coding)	truncated_gene	Os01g0278100|.	no
IR64	1	9790491	9790563	DEL	DEL	DEL	9790491	promoter	promoter_deletion	Os01g0278100|.	no
IR64	1	9794551	9794657	DEL	DEL	DEL	9794551	intron	intronic_deletion	Os01g0278200|.	no
IR64	1	9886268	9886330	DEL	DEL	DEL	9886268	promoter	promoter_deletion	Os01g0279300|OsCaM3	no
IR64	1	9886855	9887335	DEL	DEL	DEL	9886855	promoter	promoter_deletion	Os01g0279300|OsCaM3	no
IR64	1	9921759	9921847	DEL	DEL	DEL	9921759	promoter	promoter_deletion	Os01g0279800|PHT4%3B1	no
IR64	1	9929450	9929702	DEL	DEL	DEL	9929450	intron	intronic_deletion	Os01g0279900|OsbZIP03	no
IR64	1	9961765	9961819	DEL	DEL	DEL	9961765	promoter	promoter_deletion	Os01g0280400|.	no
IR64	1	9961866	9961990	DEL	DEL	DEL	9961866	promoter	promoter_deletion	Os01g0280400|.	no
IR64	1	9972750	9972961	DUP	DUP	DUP	9972750	promoter	promoter_duplication	Os01g0280600|.	no
IR64	1	10008137	10008411	DEL	DEL	DEL	10008137	exon/UTR	utr_deletion	Os01g0281100|.	no
IR64	1	10070779	10077169	DEL	DEL	DEL	10070779	exon/UTR	utr_deletion	Os01g0282251|.	no
IR64	1	10150822	10150947	DEL	DEL	INS+DEL	10150822	intron	intronic_deletion	Os01g0283700|OsCCR5	no
IR64	1	10170633	10170872	DEL	DEL	DEL	10170633	promoter	promoter_deletion	Os01g0284500|GER4	no
IR64	1	10219875	10220835	DEL	DEL	DEL	10219875	promoter	promoter_deletion	Os01g0285300|OsMYB55/61	yes
IR64	1	10487314	10487370	DEL	DEL	DEL	10487314	promoter	promoter_deletion	Os01g0289950|.	no
IR64	1	10500981	10504731	DEL	DEL	DEL	10500981	promoter	promoter_deletion	Os01g0290100|.	no
IR64	1	10607171	10621782	DEL	DEL	INS+DEL	10607171	promoter	promoter_deletion	Os01g0292200|OsCIPK01	no
IR64	1	10692943	10696904	DEL	DEL	INS+DEL	10692943	CDS(coding)	truncated_gene	Os01g0293800|.	no
IR64	1	10698523	10700833	DEL	DEL	DEL	10698523	intron	intronic_deletion	Os01g0293800|.	no
IR64	1	10701621	10701711	DUP	DUP	DUP+INS	10701621	CDS(coding)	duplicated_gene	Os01g0293900|prx8	no
IR64	1	10704551	10705551	DEL	DEL	DEL	10704551	promoter	promoter_deletion	Os01g0293900|prx8	no
IR64	1	10809075	10809317	DEL	DEL	DEL	10809075	promoter	promoter_deletion	Os01g0295700|OsPP2C02	no
IR64	1	10911355	10911405	DEL	DEL	DEL	10911355	exon/UTR	utr_deletion	Os01g0297700|OsUMAMIT5	no
IR64	1	10915027	10915125	DEL	DEL	DEL	10915027	promoter	promoter_deletion	Os01g0297950|.	no
IR64	1	10945457	10945540	DEL	DEL	DEL	10945457	CDS(coding)	truncated_gene	Os01g0298500|.	no
IR64	1	10974390	10975700	DEL	DEL	DEL	10974390	promoter	promoter_deletion	Os01g0299300|GPAT	no
IR64	1	10974390	10975700	DEL	DEL	DEL	10974390	promoter	promoter_deletion	Os01g0299400|.	no
IR64	1	10985186	10985243	DEL	DEL	DEL	10985186	promoter	promoter_deletion	Os01g0299500|.	no
IR64	1	10985186	10985243	DEL	DEL	DEL	10985186	promoter	promoter_deletion	Os01g0299801|.	no
IR64	1	11058441	11058514	DEL	DEL	DEL	11058441	promoter	promoter_deletion	Os01g0300900|.	no
IR64	1	11071706	11074216	DUP	DUP	DUP	11071706	exon/UTR	duplicated_gene	Os01g0301100|.	no
IR64	1	11123250	11128980	DEL	DEL	DEL	11123250	promoter	promoter_deletion	Os01g0302100|.	no
IR64	1	11130157	11130757	DEL	DEL	DEL	11130157	exon/UTR	utr_deletion	Os01g0302100|.	no
IR64	1	11189939	11190032	DUP	DUP	DUP	11189939	promoter	promoter_duplication	Os01g0302800|.	no
IR64	1	11207580	11208520	DEL	DEL	DEL	11207580	promoter	promoter_deletion	Os01g0303100|.	no
IR64	1	11494834	11495824	DEL	DEL	INS+DEL	11494834	CDS(coding)	truncated_gene	Os01g0307562|.	no
IR64	1	11496757	11496813	DEL	DEL	INS+DEL	11496757	promoter	promoter_deletion	Os01g0307562|.	no
IR64	1	11525965	11526034	DEL	DEL	DEL	11525965	promoter	promoter_deletion	Os01g0308300|.	no
IR64	1	11542086	11559757	DEL	DEL	INS+DEL	11542086	CDS(coding)	deleted_gene	Os01g0308600|.	no
IR64	1	11542086	11559757	DEL	DEL	INS+DEL	11542086	CDS(coding)	deleted_gene	Os01g0308700|.	no
IR64	1	11693279	11693515	DEL	DEL	DEL	11693279	promoter	promoter_deletion	Os01g0311500|OsPHS1a	no
IR64	1	11761033	11764873	DEL	DEL	DEL	11761033	promoter	promoter_deletion	Os01g0313050|.	no
IR64	1	11803437	11803509	DEL	DEL	DEL	11803437	CDS(coding)	truncated_gene	Os01g0314000|.	no
IR64	1	11810906	11811048	DEL	DEL	DEL	11810906	promoter	promoter_deletion	Os01g0314100|.	no
IR64	1	11864693	11864824	DEL	DEL	INS+DEL	11864693	promoter	promoter_deletion	Os01g0314800|OsLEA9	no
IR64	1	11911493	11911742	DEL	DEL	DEL	11911493	promoter	promoter_deletion	Os01g0315800|OsUXS2	yes
IR64	1	11939128	11939280	DEL	DEL	DEL	11939128	promoter	promoter_deletion	Os01g0316001|.	no
IR64	1	11945895	11947325	DEL	DEL	DEL	11945895	promoter	promoter_deletion	Os01g0316100|.	no
IR64	1	12179158	12224358	hyperCPX_INV	INV	hyperCPX_INV	12179158	CDS(coding)	inverted_gene	Os01g0320400|.	yes
IR64	1	12179158	12224358	hyperCPX_INV	INV	hyperCPX_INV	12179158	CDS(coding)	inverted_gene	Os01g0320700|.	yes
IR64	1	12249851	12257861	DEL	DEL	DEL	12249851	promoter	promoter_deletion	Os01g0321300|.	no
IR64	1	12249851	12257861	DEL	DEL	DEL	12249851	promoter	promoter_deletion	Os01g0321500|.	no
IR64	1	12292240	12292452	DEL	DEL	DEL	12292240	CDS(coding)	truncated_gene	Os01g0322300|P0426D06.34	no
IR64	1	12293428	12294288	DEL	DEL	DEL	12293428	promoter	promoter_deletion	Os01g0322300|P0426D06.34	no
IR64	1	12310169	12310269	DEL	DEL	INS+DEL	12310169	promoter	promoter_deletion	Os01g0322800|OsWD40-13	no
IR64	1	12325973	12326453	DEL	DEL	DEL	12325973	promoter	promoter_deletion	Os01g0323000|.	no
IR64	1	12367635	12367955	DEL	DEL	DEL	12367635	promoter	promoter_deletion	Os01g0323600|OsSAM2	no
IR64	1	12374940	12375580	DEL	DEL	DEL	12374940	intron	intronic_deletion	Os01g0323950|.	no
IR64	1	12550524	12550774	DEL	DEL	DEL	12550524	promoter	promoter_deletion	Os01g0327000|prx14	no
IR64	1	12552577	12552677	DEL	DEL	INS+DEL	12552577	exon/UTR	utr_deletion	Os01g0327000|prx14	no
IR64	1	12553054	12555245	DEL	DEL	INS+DEL	12553054	exon/UTR	utr_deletion	Os01g0327000|prx14	no
IR64	1	12555562	12555902	DEL	DEL	DEL	12555562	exon/UTR	utr_deletion	Os01g0327000|prx14	no
IR64	1	12557168	12557828	DEL	DEL	INS+DEL	12557168	exon/UTR	utr_deletion	Os01g0327000|prx14	no
IR64	1	12562961	12563254	DEL	DEL	INS+DEL	12562961	promoter	promoter_deletion	Os01g0327100|prx15	no
IR64	1	12565234	12566095	DEL	DEL	INS+DEL	12565234	intron	intronic_deletion	Os01g0327100|prx15	no
IR64	1	12565234	12566095	DEL	DEL	INS+DEL	12565234	intron	intronic_deletion	Os01g0327250|.	no
IR64	1	12567122	12567473	DEL	DEL	INS+DEL	12567122	intron	intronic_deletion	Os01g0327100|prx15	no
IR64	1	12567122	12567473	DEL	DEL	INS+DEL	12567122	intron	intronic_deletion	Os01g0327250|.	no
IR64	1	12568128	12568296	DEL	DEL	DEL	12568128	intron	intronic_deletion	Os01g0327100|prx15	no
IR64	1	12568128	12568296	DEL	DEL	DEL	12568128	intron	intronic_deletion	Os01g0327250|.	no
IR64	1	12568858	12569248	DEL	DEL	INS+DEL	12568858	CDS(coding)	truncated_gene	Os01g0327100|prx15	no
IR64	1	12568858	12569248	DEL	DEL	INS+DEL	12568858	CDS(coding)	truncated_gene	Os01g0327250|.	no
IR64	1	12569778	12569838	DEL	DEL	INS+DEL	12569778	exon/UTR	utr_deletion	Os01g0327100|prx15	no
IR64	1	12576907	12577046	DEL	DEL	INS+DEL	12576907	promoter	promoter_deletion	Os01g0327400|prx16	no
IR64	1	12577472	12578032	DEL	DEL	DEL	12577472	promoter	promoter_deletion	Os01g0327400|prx16	no
IR64	1	12579834	12579884	DEL	DEL	INS+DEL+INS	12579834	intron	intronic_deletion	Os01g0327400|prx16	no
IR64	1	12582079	12582469	DEL	DEL	INS+DEL	12582079	exon/UTR	utr_deletion	Os01g0327400|prx16	no
IR64	1	12583641	12583981	DEL	DEL	INS+DEL	12583641	promoter	promoter_deletion	Os01g0327500|.	no
IR64	1	12616766	12639776	DEL	DEL	DEL	12616766	CDS(coding)	truncated_gene	Os01g0327900|OsFbox008	no
IR64	1	12616766	12639776	DEL	DEL	DEL	12616766	CDS(coding)	truncated_gene	Os01g0328300|OsFbox009	no
IR64	1	12640907	12641938	DEL	DEL	INS+DEL	12640907	promoter	promoter_deletion	Os01g0328300|OsFbox009	no
IR64	1	12678807	12679577	DEL	DEL	DEL	12678807	intron	intronic_deletion	Os01g0329000|GPAT	no
IR64	1	12678807	12679577	DEL	DEL	DEL	12678807	intron	intronic_deletion	Os01g0329075|.	no
IR64	1	12681582	12682072	DEL	DEL	DEL	12681582	intron	intronic_deletion	Os01g0329000|GPAT	no
IR64	1	12681582	12682072	DEL	DEL	DEL	12681582	intron	intronic_deletion	Os01g0329075|.	no
IR64	1	12709913	12710243	DEL	DEL	DEL	12709913	promoter	promoter_deletion	Os01g0329400|.	no
IR64	1	12718729	12724819	DEL	DEL	DEL	12718729	promoter	promoter_deletion	Os01g0329800|IAI1	no
IR64	1	12762241	12762332	DEL	DEL	DEL	12762241	promoter	promoter_deletion	Os01g0330650|.	no
IR64	1	12780046	12803416	DEL	DEL	DEL	12780046	promoter	promoter_deletion	Os01g0331100|OsGELP16	no
IR64	1	12810068	12813158	DEL	DEL	DEL	12810068	exon/UTR	utr_deletion	Os01g0331100|OsGELP16	no
IR64	1	12845097	12848247	DEL	DEL	DEL	12845097	promoter	promoter_deletion	Os01g0331900|.	no
IR64	1	12869706	12869767	DEL	DEL	DEL	12869706	promoter	promoter_deletion	Os01g0332100|OsNIN2	no
IR64	1	12899784	12904854	DEL	DEL	DEL	12899784	intron	intronic_deletion	Os01g0332500|.	no
IR64	1	12925124	12925397	DEL	DEL	DEL	12925124	exon/UTR	utr_deletion	Os01g0333001|.	no
IR64	1	12925617	12926018	DEL	DEL	INS+DEL+DEL	12925617	promoter	promoter_deletion	Os01g0332900|.	no
IR64	1	13152975	13196385	DEL	DEL	DEL	13152975	CDS(coding)	deleted_gene	ENSRNA049472788|MIR1428	no
IR64	1	13152975	13196385	DEL	DEL	DEL	13152975	CDS(coding)	deleted_gene	Os01g0336300|.	no
IR64	1	13201245	13201725	DEL	DEL	DEL	13201245	promoter	promoter_deletion	Os01g0337160|.	no
IR64	1	13362938	13363018	DEL	DEL	INS+DEL	13362938	promoter	promoter_deletion	Os01g0340100|OsMADS93	no
IR64	1	13438164	13438255	DEL	DEL	INS+DEL	13438164	CDS(coding)	truncated_gene	Os01g0341200|.	no
IR64	1	13492303	13492674	DEL	DEL	INS+DEL	13492303	intron	intronic_deletion	Os01g0341750|.	no
IR64	1	13495487	13504847	DEL	DEL	DEL	13495487	intron	intronic_deletion	Os01g0341750|.	no
IR64	1	13543118	13543171	DEL	DEL	DEL	13543118	promoter	promoter_deletion	Os01g0343001|.	no
IR64	1	13559465	13559785	DEL	DEL	DEL	13559465	promoter	promoter_deletion	Os01g0343200|.	no
IR64	1	13580119	13701819	DEL	DEL	INS+DEL	13580119	CDS(coding)	deleted_gene	Os01g0343400|.	no
IR64	1	13580119	13701819	DEL	DEL	INS+DEL	13580119	CDS(coding)	deleted_gene	Os01g0343500|.	no
IR64	1	13580119	13701819	DEL	DEL	INS+DEL	13580119	CDS(coding)	deleted_gene	Os01g0343780|.	no
IR64	1	13580119	13701819	DEL	DEL	INS+DEL	13580119	CDS(coding)	deleted_gene	Os01g0344620|.	no
IR64	1	13580119	13701819	DEL	DEL	INS+DEL	13580119	CDS(coding)	deleted_gene	Os01g0346400|.	no
IR64	1	13773405	13774305	DEL	DEL	DEL	13773405	promoter	promoter_deletion	Os01g0346600|.	no
IR64	1	13774652	13774713	DEL	DEL	DEL	13774652	promoter	promoter_deletion	Os01g0346600|.	no
IR64	1	13775821	13777131	DEL	DEL	DEL	13775821	CDS(coding)	truncated_gene	Os01g0346600|.	no
IR64	1	13799427	13799620	DEL	DEL	DEL	13799427	exon/UTR	utr_deletion	Os01g0347000|OsPHS1b	no
IR64	1	13802876	13803138	DEL	DEL	DEL	13802876	intron	intronic_deletion	Os01g0347100|.	no
IR64	1	13805025	13807305	DEL	DEL	INS+DEL	13805025	promoter	promoter_deletion	Os01g0347100|.	no
IR64	1	13840952	13841042	DUP	DUP	INS+DUP	13840952	promoter	promoter_duplication	Os01g0347500|.	no
IR64	1	13840952	13841042	DUP	DUP	INS+DUP	13840952	promoter	promoter_duplication	Os01g0347600|.	no
IR64	1	13842809	13842869	invDUP	DUP	invDUP+INS+DEL+DEL+DUP	13842809	CDS(coding)	duplicated_gene	Os01g0347600|.	no
IR64	1	13900235	13900305	DEL	DEL	INS+DEL+INS	13900235	intron	intronic_deletion	Os01g0348800|.	no
IR64	1	13906365	13906430	DEL	DEL	DEL	13906365	promoter	promoter_deletion	Os01g0348900|OsJRL	no
IR64	1	13906898	13914249	DEL	DEL	INS+DEL	13906898	CDS(coding)	deleted_gene	Os01g0349000|.	no
IR64	1	13927703	13927926	DEL	DEL	DEL	13927703	promoter	promoter_deletion	Os01g0349400|OsPP5	no
IR64	1	13928828	13929108	DEL	DEL	INS+DEL	13928828	promoter	promoter_deletion	Os01g0349400|OsPP5	no
IR64	1	13932695	13932759	DEL	DEL	DEL	13932695	promoter	promoter_deletion	Os01g0349600|.	no
IR64	1	13939268	13940748	DEL	DEL	INS+DEL	13939268	promoter	promoter_deletion	Os01g0349800|.	no
IR64	1	13940826	13940886	DEL	DEL	INS+DEL	13940826	promoter	promoter_deletion	Os01g0349800|.	no
IR64	1	13952992	13956893	DEL	DEL	INS+DEL	13952992	promoter	promoter_deletion	Os01g0350000|.	no
IR64	1	14046483	14046853	DEL	DEL	INS+DEL+DEL	14046483	promoter	promoter_deletion	Os01g0351200|PARP2A	no
IR64	1	14047213	14047423	DEL	DEL	INS+DEL+DEL	14046483	promoter	promoter_deletion	Os01g0351200|PARP2A	no
IR64	1	14049322	14049501	DEL	DEL	DEL	14049322	intron	intronic_deletion	Os01g0351200|PARP2A	no
IR64	1	14053534	14053714	DEL	DEL	DEL	14053534	intron	intronic_deletion	Os01g0351200|PARP2A	no
IR64	1	14057723	14059114	DEL	DEL	INS+DEL	14057723	promoter	promoter_deletion	Os01g0351300|.	no
IR64	1	14070137	14070518	DEL	DEL	INS+DEL	14070137	promoter	promoter_deletion	Os01g0351500|.	no
IR64	1	14070977	14071039	DEL	DEL	DEL	14070977	promoter	promoter_deletion	Os01g0351500|.	no
IR64	1	14077067	14077528	DEL	DEL	INS+DEL	14077067	promoter	promoter_deletion	Os01g0351800|.	no
IR64	1	14078074	14078282	DEL	DEL	INS+DEL	14078074	intron	intronic_deletion	Os01g0351800|.	no
IR64	1	14099431	14101792	DEL	DEL	INS+DEL	14099431	promoter	promoter_deletion	Os01g0352100|.	no
IR64	1	14102568	14102938	DEL	DEL	DEL	14102568	CDS(coding)	truncated_gene	Os01g0352100|.	no
IR64	1	14102568	14102938	DEL	DEL	DEL	14102568	CDS(coding)	truncated_gene	Os01g0352200|.	no
IR64	1	14103565	14105556	DEL	DEL	INS+DEL	14103565	CDS(coding)	truncated_gene	Os01g0352100|.	no
IR64	1	14105602	14106803	DEL	DEL	INS+DEL	14105602	intron	intronic_deletion	Os01g0352100|.	no
IR64	1	14123447	14134817	DEL	DEL	DEL	14123447	exon/UTR	deleted_gene	ENSRNA049472807|MIR820	no
IR64	1	14141413	14143173	DEL	DEL	DEL	14141413	promoter	promoter_deletion	Os01g0352751|.	no
IR64	1	14143570	14144931	DEL	DEL	INS+DEL	14143570	exon/UTR	utr_deletion	Os01g0352751|.	no
IR64	1	14168860	14169340	DEL	DEL	INS+DEL	14168860	promoter	promoter_deletion	Os01g0353501|.	no
IR64	1	14168860	14169340	DEL	DEL	INS+DEL	14168860	promoter	promoter_deletion	Os01g0353600|.	no
IR64	1	14170226	14170434	DEL	DEL	INS+DEL	14170226	promoter	promoter_deletion	Os01g0353501|.	no
IR64	1	14170226	14170434	DEL	DEL	INS+DEL	14170226	promoter	promoter_deletion	Os01g0353600|.	no
IR64	1	14170735	14181205	DEL	DEL	INS+DEL+INS+DEL	14170735	CDS(coding)	deleted_gene	Os01g0353600|.	no
IR64	1	14170735	14181205	DEL	DEL	INS+DEL+INS+DEL	14170735	CDS(coding)	deleted_gene	Os01g0353633|B1102E12.37	no
IR64	1	14191075	14210035	DEL	DEL	INS+DEL+INS+DEL	14170735	CDS(coding)	deleted_gene	Os01g0353900|.	no
IR64	1	14219093	14224944	DEL	DEL	INS+DEL	14219093	CDS(coding)	deleted_gene	Os01g0354175|.	no
IR64	1	14219093	14224944	DEL	DEL	INS+DEL	14219093	CDS(coding)	truncated_gene	Os01g0354200|.	no
IR64	1	14229102	14230262	DEL	DEL	DEL	14229102	CDS(coding)	truncated_gene	Os01g0354200|.	no
IR64	1	14229102	14230262	DEL	DEL	DEL	14229102	CDS(coding)	deleted_gene	Os01g0354450|.	no
IR64	1	14232469	14232930	DEL	DEL	INS+DEL	14232469	intron	intronic_deletion	Os01g0354200|.	no
IR64	1	14233560	14246731	DEL	DEL	INS+DEL	14233560	exon/UTR	utr_deletion	Os01g0354200|.	no
IR64	1	14249641	14252642	DEL	DEL	INS+DEL	14249641	promoter	promoter_deletion	Os01g0354700|.	no
IR64	1	14252772	14252855	DEL	DEL	INS+DEL	14252772	promoter	promoter_deletion	Os01g0354700|.	no
IR64	1	14253766	14254246	DEL	DEL	DEL	14253766	intron	intronic_deletion	Os01g0354700|.	no
IR64	1	14260354	14263505	DEL	DEL	INS+DEL	14260354	promoter	promoter_deletion	Os01g0355100|.	no
IR64	1	14263591	14264211	DEL	DEL	INS+DEL	14263591	exon/UTR	utr_deletion	Os01g0355100|.	no
IR64	1	14279075	14280416	DEL	DEL	INS+DEL	14279075	promoter	promoter_deletion	Os01g0355250|.	no
IR64	1	14320153	14320213	DEL	DEL	INS+DEL	14320153	promoter	promoter_deletion	Os01g0355700|.	no
IR64	1	14320898	14321228	DEL	DEL	INS+DEL	14320898	promoter	promoter_deletion	Os01g0355700|.	no
IR64	1	14321611	14321661	DEL	DEL	INS+DEL	14321611	promoter	promoter_deletion	Os01g0355700|.	no
IR64	1	14324255	14324705	DEL	DEL	INS+DEL	14324255	promoter	promoter_deletion	Os01g0355800|.	no
IR64	1	14333115	14333825	DUP	DUP	DUP	14333115	CDS(coding)	duplicated_gene	Os01g0355900|.	no
IR64	1	14413676	14413986	INV	INV	INV	14413676	promoter	promoter_inversion	Os01g0356800|OsEnS-6	no
IR64	1	14534905	14543725	DEL	DEL	DEL	14534905	promoter	promoter_deletion	Os01g0358800|.	no
IR64	1	14581658	14615858	DEL	DEL	INS+DEL	14581658	CDS(coding)	truncated_gene	Os01g0359400|P0514H03.33-1	no
IR64	1	14581658	14615858	DEL	DEL	INS+DEL	14581658	CDS(coding)	deleted_gene	Os01g0359600|.	no
IR64	1	14581658	14615858	DEL	DEL	INS+DEL	14581658	CDS(coding)	deleted_gene	Os01g0359800|.	no
IR64	1	14581658	14615858	DEL	DEL	INS+DEL	14581658	CDS(coding)	deleted_gene	Os01g0360100|.	no
IR64	1	14581658	14615858	DEL	DEL	INS+DEL	14581658	CDS(coding)	deleted_gene	Os01g0360150|.	no
IR64	1	14703819	14703869	DEL	DEL	DEL	14703819	intron	intronic_deletion	Os01g0361000|.	no
IR64	1	14797619	14798189	DEL	DEL	DEL	14797619	promoter	promoter_deletion	Os01g0363500|.	no
IR64	1	14797619	14798189	DEL	DEL	DEL	14797619	promoter	promoter_deletion	ENSRNA049450965|tRNA-Leu	no
IR64	1	14805123	14805287	DEL	DEL	DEL	14805123	promoter	promoter_deletion	Os01g0363600|.	no
IR64	1	14853698	14856058	DEL	DEL	DEL	14853698	promoter	promoter_deletion	Os01g0364412|.	no
IR64	1	14860225	14860695	DEL	DEL	INS+DEL	14860225	intron	intronic_deletion	Os01g0364400|OsRLCK35	no
IR64	1	14864086	14875186	DEL	DEL	INS+DEL+INS+DEL+INS	14864086	intron	intronic_deletion	Os01g0364400|OsRLCK35	no
IR64	1	14906786	14914786	DEL	DEL	INS+DEL+INS+DEL+INS	14864086	CDS(coding)	truncated_gene	Os01g0365000|.	no
IR64	1	14915892	14916673	DEL	DEL	INS+DEL	14915892	promoter	promoter_deletion	Os01g0365000|.	no
IR64	1	14916771	14917641	DEL	DEL	INS+DEL	14916771	promoter	promoter_deletion	Os01g0365000|.	no
IR64	1	14917828	14923438	DEL	DEL	INS+DEL	14917828	promoter	promoter_deletion	Os01g0365300|.	no
IR64	1	14946370	14987621	DEL	DEL	INS+DEL+INS+DEL	14946370	CDS(coding)	deleted_gene	Os01g0366100|.	no
IR64	1	14946370	14987621	DEL	DEL	INS+DEL+INS+DEL	14946370	CDS(coding)	deleted_gene	Os01g0366300|.	no
IR64	1	14946370	14987621	DEL	DEL	INS+DEL+INS+DEL	14946370	CDS(coding)	deleted_gene	Os01g0366400|.	no
IR64	1	14946370	14987621	DEL	DEL	INS+DEL+INS+DEL	14946370	CDS(coding)	deleted_gene	Os01g0366501|.	no
IR64	1	14990590	14991730	DEL	DEL	INS+DEL+INS+DEL	14946370	promoter	promoter_deletion	Os01g0367201|.	no
IR64	1	14999810	15005270	DEL	DEL	DEL	14999810	promoter	promoter_deletion	Os01g0367100|PHD1	no
IR64	1	15100382	15111542	DEL	DEL	INS+DEL	15097652	intron	intronic_deletion	Os01g0368500|.	no
IR64	1	15161547	15166198	DEL	DEL	INS+DEL	15161547	CDS(coding)	truncated_gene	Os01g0369500|.	no
IR64	1	15161547	15166198	DEL	DEL	INS+DEL	15161547	CDS(coding)	deleted_gene	Os01g0369600|.	no
IR64	1	15172549	15173239	DEL	DEL	DEL	15172549	promoter	promoter_deletion	Os01g0369700|OsGSTF5	no
IR64	1	15182856	15184316	DEL	DEL	DEL	15182856	promoter	promoter_deletion	Os01g0369950|.	no
IR64	1	15184692	15184929	DEL	DEL	DEL	15184692	promoter	promoter_deletion	Os01g0369950|.	no
IR64	1	15187051	15187641	DEL	DEL	DEL	15187051	CDS(coding)	truncated_gene	Os01g0369900|OsOPR10	no
IR64	1	15187051	15187641	DEL	DEL	DEL	15187051	CDS(coding)	truncated_gene	Os01g0369950|.	no
IR64	1	15196062	15209592	DEL	DEL	DEL	15196062	promoter	promoter_deletion	Os01g0370000|OsOPR9	no
IR64	1	15211819	15215329	DEL	DEL	DEL	15211819	promoter	promoter_deletion	Os01g0370400|.	no
IR64	1	15218112	15222343	DEL	DEL	INS+DEL	15218112	promoter	promoter_deletion	Os01g0370200|OsGSTF7	no
IR64	1	15337680	15342721	DEL	DEL	INS+DEL	15337680	CDS(coding)	deleted_gene	Os01g0372350|.	no
IR64	1	15343256	15343886	DEL	DEL	INS+DEL	15343256	promoter	promoter_deletion	Os01g0372400|OsGSTF13	no
IR64	1	15344244	15344294	DEL	DEL	INS+DEL	15344244	promoter	promoter_deletion	Os01g0372400|OsGSTF13	no
IR64	1	15345357	15346317	DEL	DEL	INS+DEL	15345357	exon/UTR	utr_deletion	Os01g0372400|OsGSTF13	no
IR64	1	15348580	15352270	DEL	DEL	DEL	15348580	promoter	promoter_deletion	Os01g0372500|ANS	no
IR64	1	15360846	15362446	DEL	DEL	DEL	15360846	promoter	promoter_deletion	Os01g0372700|.	no
IR64	1	15387183	15392163	DEL	DEL	DEL	15387183	CDS(coding)	deleted_gene	Os01g0373400|.	no
IR64	1	15413099	15414819	DEL	DEL	DEL	15413099	promoter	promoter_deletion	Os01g0374100|.	no
IR64	1	15442248	15442320	DEL	DEL	DEL	15442248	promoter	promoter_deletion	Os01g0374501|.	no
IR64	1	15443847	15444587	DEL	DEL	DEL	15443847	promoter	promoter_deletion	Os01g0374600|OsLAC1	no
IR64	1	15452408	15452648	DEL	DEL	INS+DEL	15452408	promoter	promoter_deletion	Os01g0374900|.	no
IR64	1	15453194	15453555	DEL	DEL	INS+DEL	15453194	promoter	promoter_deletion	Os01g0374900|.	no
IR64	1	15478479	15478900	DEL	DEL	INS+DEL	15478479	promoter	promoter_deletion	Os01g0375200|DHQDT/SDH	no
IR64	1	15478479	15478900	DEL	DEL	INS+DEL	15478479	promoter	promoter_deletion	Os01g0375100|OsDjC6	no
IR64	1	15480885	15481097	DEL	DEL	DEL	15480885	intron	intronic_deletion	Os01g0375200|DHQDT/SDH	no
IR64	1	15506313	15506405	DEL	DEL	DEL	15506313	intron	intronic_deletion	Os01g0375500|.	no
IR64	1	15576719	15581699	DEL	DEL	DEL	15576719	promoter	promoter_deletion	Os01g0377250|.	no
IR64	1	15583740	15617971	DEL	DEL	INS+DEL	15583740	promoter	promoter_deletion	Os01g0377000|.	no
IR64	1	15624776	15640556	DEL	DEL	DEL	15624776	promoter	promoter_deletion	Os01g0377500|CycL1	no
IR64	1	15644498	15644618	DEL	DEL	INS+DEL	15644498	promoter	promoter_deletion	Os01g0377700|.	no
IR64	1	15674781	15674835	DEL	DEL	DEL	15674781	exon/UTR	utr_deletion	Os01g0378100|.	no
IR64	1	15931811	15933491	DEL	DEL	invDUP+INS+INV+INS+DEL	15912551	promoter	promoter_deletion	Os01g0382000|OsPR1b	no
IR64	1	15959688	15962538	DEL	DEL	INS+DEL	15959688	CDS(coding)	deleted_gene	Os01g0382450|.	no
IR64	1	15963004	15963394	DEL	DEL	INS+DEL	15963004	promoter	promoter_deletion	Os01g0382450|.	no
IR64	1	15963543	15963663	DEL	DEL	INS+DEL	15963543	promoter	promoter_deletion	Os01g0382450|.	no
IR64	1	15963898	15965268	DEL	DEL	DEL	15963898	promoter	promoter_deletion	Os01g0382450|.	no
IR64	1	15965380	15966151	DEL	DEL	INS+DEL	15965380	exon/UTR	utr_deletion	Os01g0382500|.	no
IR64	1	15971880	15974860	DEL	DEL	DEL	15971880	promoter	promoter_deletion	Os01g0382700|.	no
IR64	1	15980416	15980896	DEL	DEL	DEL	15980416	exon/UTR	utr_deletion	Os01g0382700|.	no
IR64	1	15991400	15992090	DEL	DEL	INS+DEL	15991400	promoter	promoter_deletion	Os01g0382900|.	no
IR64	1	15992296	15998777	DEL	DEL	INS+DEL	15992296	CDS(coding)	deleted_gene	Os01g0382900|.	no
IR64	1	15992296	15998777	DEL	DEL	INS+DEL	15992296	CDS(coding)	truncated_gene	Os01g0383001|.	no
IR64	1	16001521	16002711	DEL	DEL	DEL	16001521	CDS(coding)	truncated_gene	Os01g0383100|OsEXO70FX7	no
IR64	1	16004640	16020210	DEL	DEL	DEL	16004640	promoter	promoter_deletion	Os01g0383100|OsEXO70FX7	no
IR64	1	16040682	16045632	DEL	DEL	DEL	16040682	promoter	promoter_deletion	Os01g0383700|OsWD40-14	no
IR64	1	16053375	16054665	DEL	DEL	DEL	16053375	exon/UTR	utr_deletion	Os01g0383700|OsWD40-14	no
IR64	1	16056231	16058051	DEL	DEL	DEL	16056231	exon/UTR	utr_deletion	Os01g0383700|OsWD40-14	yes
IR64	1	16082596	16085867	DEL	DEL	INS+DEL	16082596	promoter	promoter_deletion	Os01g0384300|OSJNBb0093M23.7	no
IR64	1	16097416	16097539	DEL	DEL	DEL	16097416	exon/UTR	utr_deletion	Os01g0384375|.	no
IR64	1	16103703	16108323	DEL	DEL	DEL	16103703	CDS(coding)	truncated_gene	Os01g0384450|.	no
IR64	1	16140296	16140393	DEL	DEL	DEL	16140296	exon/UTR	utr_deletion	Os01g0384901|.	no
IR64	1	16140296	16140393	DEL	DEL	DEL	16140296	exon/UTR	utr_deletion	Os01g0385000|.	no
IR64	1	16232655	16232741	DEL	DEL	DEL	16232655	intron	intronic_deletion	Os01g0386700|.	no
IR64	1	16317231	16317288	DEL	DEL	DEL	16317231	intron	intronic_deletion	Os01g0387566|.	no
IR64	1	16321589	16321651	DEL	DEL	DEL	16321589	promoter	promoter_deletion	Os01g0387865|.	no
IR64	1	16477162	16477702	DEL	DEL	DEL	16477162	intron	intronic_deletion	Os01g0390300|OJ1123_G09.26-1	no
IR64	1	16494997	16495118	DEL	DEL	DEL	16494997	promoter	promoter_deletion	Os01g0390600|.	no
IR64	1	16592276	16592746	DEL	DEL	DEL	16592276	intron	intronic_deletion	Os01g0391500|B1109A06.1-1	no
IR64	1	16663929	16664009	DEL	DEL	DEL	16663929	intron	intronic_deletion	Os01g0392100|.	no
IR64	1	16704747	16705797	DEL	DEL	DEL	16704747	promoter	promoter_deletion	Os01g0392800|.	no
IR64	1	16723659	16724319	DEL	DEL	DEL	16723659	promoter	promoter_deletion	Os01g0393100|ONAC026	no
IR64	1	17162036	17162356	DEL	DEL	DEL	17162036	promoter	promoter_deletion	Os01g0498300|.	no
IR64	1	17274981	17275065	DEL	DEL	DEL	17274981	promoter	promoter_deletion	Os01g0500500|.	no
IR64	1	17321045	17321196	DEL	DEL	DEL	17321045	intron	intronic_deletion	Os01g0501000|OsMED9	no
IR64	1	17327616	17333886	DEL	DEL	DEL	17327616	promoter	promoter_deletion	Os01g0501000|OsMED9	no
IR64	1	17424981	17425043	DEL	DEL	DEL	17424981	intron	intronic_deletion	Os01g0502800|.	no
IR64	1	17465309	17465639	DEL	DEL	DEL	17465309	promoter	promoter_deletion	Os01g0503400|OsNRAMP6	no
IR64	1	17513835	17514255	DEL	DEL	DEL	17513835	promoter	promoter_deletion	Os01g0504500|.	no
IR64	1	17557607	17563608	DEL	DEL	INS+DEL	17557607	CDS(coding)	truncated_gene	Os01g0504950|.	no
IR64	1	17557607	17563608	DEL	DEL	INS+DEL	17557607	CDS(coding)	truncated_gene	Os01g0505400|.	no
IR64	1	17580433	17580497	DEL	DEL	DEL	17580433	promoter	promoter_deletion	Os01g0505600|OsCML11	no
IR64	1	17604281	17604951	DEL	DEL	DEL	17604281	promoter	promoter_deletion	Os01g0506100|.	no
IR64	1	17699933	17705423	DEL	DEL	DEL	17699933	intron	intronic_deletion	Os01g0507300|.	no
IR64	1	17707044	17707143	DEL	DEL	DEL	17707044	promoter	promoter_deletion	Os01g0507500|.	no
IR64	1	17754113	17754623	DEL	DEL	DEL	17754113	promoter	promoter_deletion	Os01g0508000|Os1bglu1	no
IR64	1	17759168	17759260	DEL	DEL	DEL	17759168	intron	intronic_deletion	Os01g0508000|Os1bglu1	no
IR64	1	17759168	17759260	DEL	DEL	DEL	17759168	intron	intronic_deletion	Os01g0508050|.	no
IR64	1	18019247	18027857	DEL	DEL	DEL	18019247	CDS(coding)	deleted_gene	Os01g0511700|.	no
IR64	1	18019247	18027857	DEL	DEL	DEL	18019247	CDS(coding)	truncated_gene	Os01g0511800|.	no
IR64	1	18072628	18072695	DEL	DEL	DEL	18072628	promoter	promoter_deletion	Os01g0512700|.	no
IR64	1	18110058	18110119	DEL	DEL	DEL	18110058	intron	intronic_deletion	Os01g0513200|.	no
IR64	1	18139756	18139811	DEL	DEL	DEL	18139756	promoter	promoter_deletion	Os01g0513700|P0504D03.30-1	no
IR64	1	18139756	18139811	DEL	DEL	DEL	18139756	promoter	promoter_deletion	Os01g0513850|.	no
IR64	1	18204104	18204319	DEL	DEL	DEL	18204104	promoter	promoter_deletion	Os01g0514700|.	no
IR64	1	18209664	18216054	DEL	DEL	DEL	18209664	promoter	promoter_deletion	Os01g0514850|.	yes
IR64	1	18288236	18295916	DEL	DEL	DEL	18288236	exon/UTR	utr_deletion	Os01g0516600|B1108H10.11-1	no
IR64	1	18288236	18295916	DEL	DEL	DEL	18288236	exon/UTR	utr_deletion	Os01g0516625|.	no
IR64	1	18304120	18306280	DEL	DEL	INS+DEL	18304120	promoter	promoter_deletion	Os01g0516700|.	no
IR64	1	18307757	18324197	DEL	DEL	DEL	18307757	intron	intronic_deletion	Os01g0516900|OsABCG33	no
IR64	1	18409845	18410415	DEL	DEL	DEL	18409845	promoter	promoter_deletion	Os01g0518651|.	no
IR64	1	18416982	18417266	DEL	DEL	DEL	18416982	promoter	promoter_deletion	Os01g0518800|.	no
IR64	1	18444991	18445239	DEL	DEL	DEL	18444991	promoter	promoter_deletion	Os01g0519400|.	no
IR64	1	18528666	18528736	DEL	DEL	DEL	18528666	exon/UTR	utr_deletion	Os01g0520340|.	no
IR64	1	18540770	18589101	DEL	DEL	INS+DEL	18540770	CDS(coding)	deleted_gene	Os01g0520800|.	no
IR64	1	18540770	18589101	DEL	DEL	INS+DEL	18540770	CDS(coding)	deleted_gene	Os01g0521200|.	no
IR64	1	18540770	18589101	DEL	DEL	INS+DEL	18540770	CDS(coding)	deleted_gene	Os01g0521250|.	no
IR64	1	18663050	18663550	DEL	DEL	DEL	18663050	promoter	promoter_deletion	Os01g0522950|OJ1005_B10.13	no
IR64	1	18665916	18666667	DEL	DEL	INS+DEL	18665916	promoter	promoter_deletion	Os01g0523000|.	no
IR64	1	18667091	18668162	DEL	DEL	INS+DEL	18667091	promoter	promoter_deletion	Os01g0523000|.	no
IR64	1	18702115	18707245	DEL	DEL	DEL	18702115	CDS(coding)	deleted_gene	Os01g0523600|.	no
IR64	1	18702115	18707245	DEL	DEL	DEL	18702115	CDS(coding)	deleted_gene	Os01g0523800|.	no
IR64	1	18992700	18992754	DEL	DEL	DEL	18992700	promoter	promoter_deletion	Os01g0528300|.	no
IR64	1	19011749	19011977	DEL	DEL	DEL	19011749	intron	intronic_deletion	Os01g0528800|CADL	no
IR64	1	19239945	19240056	DEL	DEL	DEL	19239945	promoter	promoter_deletion	Os01g0532600|OsHKT3	no
IR64	1	19440258	19451628	DEL	DEL	DEL	19440258	promoter	promoter_deletion	Os01g0535300|.	no
IR64	1	19483611	19493391	DEL	DEL	DEL	19483611	CDS(coding)	deleted_gene	Os01g0536200|.	no
IR64	1	20059847	20060127	DEL	DEL	DEL	20059847	promoter	promoter_deletion	Os01g0543100|prx17	no
IR64	1	20062904	20062977	DEL	DEL	DEL	20062904	intron	intronic_deletion	Os01g0543100|prx17	no
IR64	1	20063663	20101044	DEL	DEL	INS+DEL	20063663	CDS(coding)	truncated_gene	Os01g0543100|prx17	no
IR64	1	20123530	20123683	DEL	DEL	DEL	20123530	promoter	promoter_deletion	Os01g0543600|.	no
IR64	1	20126807	20191708	DEL	DEL	INS+DEL	20126807	CDS(coding)	truncated_gene	Os01g0543600|.	no
IR64	1	20126807	20191708	DEL	DEL	INS+DEL	20126807	CDS(coding)	deleted_gene	Os01g0544200|.	no
IR64	1	20126807	20191708	DEL	DEL	INS+DEL	20126807	CDS(coding)	deleted_gene	Os01g0544325|.	no
IR64	1	20197006	20200366	DEL	DEL	DEL	20197006	CDS(coding)	deleted_gene	Os01g0544700|.	no
IR64	1	20261305	20261705	DEL	DEL	DEL	20261305	promoter	promoter_deletion	Os01g0545500|OsRLCK36	no
IR64	1	20280753	20280804	DEL	DEL	DEL	20280753	CDS(coding)	truncated_gene	Os01g0545900|.	no
IR64	1	20365172	20371592	DEL	DEL	DEL	20365172	promoter	promoter_deletion	Os01g0547200|.	no
IR64	1	20376261	20381541	DEL	DEL	DEL	20376261	exon/UTR	utr_deletion	Os01g0547500|.	no
IR64	1	20383142	20383240	DEL	DEL	DEL	20383142	exon/UTR	utr_deletion	Os01g0547500|.	no
IR64	1	20517955	20521555	DEL	DEL	DEL	20517955	CDS(coding)	deleted_gene	Os01g0549300|.	no
IR64	1	20730771	20734071	DEL	DEL	DEL	20730771	exon/UTR	deleted_gene	Os01g0552100|.	no
IR64	1	20749530	20749619	DEL	DEL	DEL	20749530	intron	intronic_deletion	Os01g0552500|.	no
IR64	1	20750078	20827879	DEL	DEL	DEL+INV+DEL	20750078	CDS(coding)	truncated_gene	Os01g0552500|.	no
IR64	1	20750078	20827879	DEL	DEL	DEL+INV+DEL	20750078	CDS(coding)	deleted_gene	Os01g0552850|.	no
IR64	1	20750078	20827879	DEL	DEL	DEL+INV+DEL	20750078	CDS(coding)	deleted_gene	Os01g0553200|.	no
IR64	1	20750078	20827879	DEL	DEL	DEL+INV+DEL	20750078	CDS(coding)	deleted_gene	Os01g0553400|OsFbox017	no
IR64	1	20750078	20827879	DEL	DEL	DEL+INV+DEL	20750078	CDS(coding)	deleted_gene	Os01g0553600|.	no
IR64	1	20830078	20843278	DEL	DEL	DEL+INV+DEL	20750078	CDS(coding)	deleted_gene	Os01g0553901|.	no
IR64	1	20873446	20873502	DEL	DEL	DEL	20873446	promoter	promoter_deletion	Os01g0554400|.	no
IR64	1	21157499	21157979	DEL	DEL	DEL	21157499	promoter	promoter_deletion	Os01g0558800|.	no
IR64	1	21157499	21157979	DEL	DEL	DEL	21157499	promoter	promoter_deletion	Os01g0558825|.	no
IR64	1	21157499	21157979	DEL	DEL	DEL	21157499	promoter	promoter_deletion	Os01g0558850|.	no
IR64	1	21263121	21263186	DEL	DEL	DEL	21263121	promoter	promoter_deletion	Os01g0559825|.	no
IR64	1	21275568	21279138	INV	INV	INS+INV	21275538	CDS(coding)	inverted_gene	Os01g0560200|.	no
IR64	1	21337720	21341411	DEL	DEL	INS+DEL	21337720	CDS(coding)	deleted_gene	Os01g0561500|.	no
IR64	1	21344718	21344774	DEL	DEL	DEL	21344718	promoter	promoter_deletion	Os01g0561600|CYP76M14	no
IR64	1	21347812	21348172	DEL	DEL	DEL	21347812	exon/UTR	utr_deletion	Os01g0561800|.	no
IR64	1	21360250	21360830	DEL	DEL	DEL	21360250	promoter	promoter_deletion	Os01g0561950|.	no
IR64	1	21386231	21387661	DEL	DEL	INS+DEL	21386231	intron	intronic_deletion	Os01g0562400|OsFKBP57	no
IR64	1	21387937	21388888	DEL	DEL	INS+DEL	21387937	intron	intronic_deletion	Os01g0562400|OsFKBP57	no
IR64	1	21389994	21615694	DEL	DEL	INS+DEL+INS+DEL	21389994	CDS(coding)	deleted_gene	Os01g0562525|.	no
IR64	1	21389994	21615694	DEL	DEL	INS+DEL+INS+DEL	21389994	CDS(coding)	deleted_gene	Os01g0562600|.	no
IR64	1	21389994	21615694	DEL	DEL	INS+DEL+INS+DEL	21389994	CDS(coding)	deleted_gene	Os01g0563000|OsFKBP73	no
IR64	1	21389994	21615694	DEL	DEL	INS+DEL+INS+DEL	21389994	CDS(coding)	deleted_gene	Os01g0563700|.	no
IR64	1	21389994	21615694	DEL	DEL	INS+DEL+INS+DEL	21389994	CDS(coding)	deleted_gene	Os01g0563500|.	no
IR64	1	21389994	21615694	DEL	DEL	INS+DEL+INS+DEL	21389994	CDS(coding)	deleted_gene	Os01g0564300|OsFKBP46	no
IR64	1	21389994	21615694	DEL	DEL	INS+DEL+INS+DEL	21389994	CDS(coding)	deleted_gene	Os01g0564400|.	no
IR64	1	21389994	21615694	DEL	DEL	INS+DEL+INS+DEL	21389994	CDS(coding)	deleted_gene	Os01g0564532|.	no
IR64	1	21389994	21615694	DEL	DEL	INS+DEL+INS+DEL	21389994	CDS(coding)	deleted_gene	Os01g0564600|.	no
IR64	1	21389994	21615694	DEL	DEL	INS+DEL+INS+DEL	21389994	CDS(coding)	deleted_gene	Os01g0564950|.	no
IR64	1	21643894	21661694	DEL	DEL	INS+DEL+INS+DEL	21389994	exon/UTR	utr_deletion	Os01g0566200|.	no
IR64	1	21666594	21666844	DEL	DEL	INS+DEL	21666594	intron	intronic_deletion	Os01g0566500|OsCCD8a	no
IR64	1	21668557	21669637	DEL	DEL	DEL	21668557	promoter	promoter_deletion	Os01g0566500|OsCCD8a	no
IR64	1	21690430	21690790	DEL	DEL	INS+DEL	21690030	promoter	promoter_deletion	Os01g0566800|OsbHLH117	no
IR64	1	21705619	21705869	DEL	DEL	INS+DEL	21705349	promoter	promoter_deletion	Os01g0566900|.	no
IR64	1	21812710	21813620	DEL	DEL	INS+DEL	21812710	promoter	promoter_deletion	Os01g0569200|.	no
IR64	1	21819047	21840138	DEL	DEL	INS+DEL	21819047	CDS(coding)	deleted_gene	Os01g0569800|.	no
IR64	1	21819047	21840138	DEL	DEL	INS+DEL	21819047	CDS(coding)	deleted_gene	Os01g0568400|.	no
IR64	1	21937094	21937194	DEL	DEL	DEL	21937094	promoter	promoter_deletion	Os01g0571300|OsHsfA7	no
IR64	1	21938662	21938720	DEL	DEL	DEL	21938662	promoter	promoter_deletion	Os01g0571300|OsHsfA7	no
IR64	1	21950042	21955952	DEL	DEL	DEL	21950042	promoter	promoter_deletion	Os01g0571700|.	no
IR64	1	21964053	21964383	DEL	DEL	DEL	21964053	promoter	promoter_deletion	Os01g0571766|.	no
IR64	1	22139601	22139696	DEL	DEL	DEL	22139601	intron	intronic_deletion	Os01g0575200|OsbHLH024	no
IR64	1	22177041	22177104	DEL	DEL	DEL	22177041	intron	intronic_deletion	Os01g0575500|OsWD40-16	no
IR64	1	22182238	22182306	DEL	DEL	DEL	22182238	promoter	promoter_deletion	Os01g0575500|OsWD40-16	no
IR64	1	22182238	22182306	DEL	DEL	DEL	22182238	promoter	promoter_deletion	Os01g0575701|.	no
IR64	1	22184328	22210939	DEL	DEL	INS+DEL	22184328	CDS(coding)	deleted_gene	Os01g0575801|.	no
IR64	1	22184328	22210939	DEL	DEL	INS+DEL	22184328	CDS(coding)	deleted_gene	Os01g0575901|.	no
IR64	1	22222703	22233803	DEL	DEL	DEL	22222703	intron	intronic_deletion	Os01g0576100|OsbHLH012	no
IR64	1	22294752	22301172	DEL	DEL	DEL	22294752	promoter	promoter_deletion	Os01g0577300|Rb	no
IR64	1	22326130	22337280	DEL	DEL	INS+DEL	22326130	CDS(coding)	truncated_gene	Os01g0577300|Rb	no
IR64	1	22366513	22380283	DEL	DEL	DEL	22366513	CDS(coding)	truncated_gene	Os01g0578200|.	no
IR64	1	22366513	22380283	DEL	DEL	DEL	22366513	CDS(coding)	deleted_gene	Os01g0578500|SAF	no
IR64	1	22366513	22380283	DEL	DEL	DEL	22366513	CDS(coding)	truncated_gene	Os01g0578700|SAM	no
IR64	1	22381686	22382596	DEL	DEL	DEL	22381686	CDS(coding)	truncated_gene	Os01g0578700|SAM	no
IR64	1	22422342	22426332	DEL	DEL	DEL	22422342	promoter	promoter_deletion	Os01g0579600|OsCBL9	no
IR64	1	22436773	22436930	DEL	DEL	DEL	22436773	intron	intronic_deletion	Os01g0579800|.	no
IR64	1	22456535	22456865	DEL	DEL	DEL	22456535	promoter	promoter_deletion	Os01g0580150|OsRLCK38	no
IR64	1	22457909	22458319	DEL	DEL	INS+DEL	22457909	promoter	promoter_deletion	Os01g0580150|OsRLCK38	no
IR64	1	22465489	22465599	DEL	DEL	INS+DEL	22465489	promoter	promoter_deletion	Os01g0580200|OsBgal3	no
IR64	1	22466289	22466509	DEL	DEL	INS+DEL	22466289	promoter	promoter_deletion	Os01g0580200|OsBgal3	no
IR64	1	22477810	22477991	DEL	DEL	DEL	22477810	promoter	promoter_deletion	Os01g0580400|OsHAP5J	no
IR64	1	22501590	22502970	DEL	DEL	DEL	22501590	promoter	promoter_deletion	Os01g0580800|.	no
IR64	1	22533885	22534005	DEL	DEL	INS+DEL	22533885	promoter	promoter_deletion	Os01g0581300|OsLCYe	no
IR64	1	22534181	22534701	DEL	DEL	INS+DEL	22534181	promoter	promoter_deletion	Os01g0581300|OsLCYe	no
IR64	1	22628223	22629193	DEL	DEL	DEL	22628223	promoter	promoter_deletion	Os01g0583200|.	no
IR64	1	22660982	22661512	DEL	DEL	DEL	22660982	exon/UTR	utr_deletion	Os01g0583900|.	no
IR64	1	22916369	22916435	DEL	DEL	DEL	22916369	promoter	promoter_deletion	Os01g0588400|.	no
IR64	1	22979560	22980260	DEL	DEL	INS+DEL	22979560	exon/UTR	utr_deletion	Os01g0589000|.	no
IR64	1	22997828	22997896	DEL	DEL	DEL	22997828	intron	intronic_deletion	Os01g0589500|.	no
IR64	1	23013701	23022731	DEL	DEL	DEL	23013701	CDS(coding)	deleted_gene	Os01g0590100|.	no
IR64	1	23075371	23075421	DEL	DEL	DEL	23075371	intron	intronic_deletion	Os01g0590700|.	no
IR64	1	23084270	23084461	DEL	DEL	DEL	23084270	promoter	promoter_deletion	Os01g0590800|.	no
IR64	1	23089507	23090608	DEL	DEL	INS+DEL	23089507	promoter	promoter_deletion	Os01g0590900|.	no
IR64	1	23210113	23210174	DEL	DEL	DEL	23210113	intron	intronic_deletion	Os01g0593000|.	no
IR64	1	23252192	23264103	DEL	DEL	INS+DEL	23252192	promoter	promoter_deletion	Os01g0593900|.	no
IR64	1	23295689	23296009	DEL	DEL	DEL	23295689	CDS(coding)	truncated_gene	Os01g0594650|.	no
IR64	1	23295689	23296009	DEL	DEL	DEL	23295689	CDS(coding)	truncated_gene	Os01g0594600|.	no
IR64	1	23303940	23307001	DEL	DEL	INS+DEL	23303940	CDS(coding)	truncated_gene	Os01g0594800|.	no
IR64	1	23311843	23311972	DEL	DEL	DEL	23311843	intron	intronic_deletion	Os01g0594900|.	no
IR64	1	23332552	23332972	DEL	DEL	DEL	23332552	promoter	promoter_deletion	Os01g0595400|.	no
IR64	1	23355695	23355770	DEL	DEL	DEL	23355695	promoter	promoter_deletion	Os01g0595900|OsFbox023	no
IR64	1	23363357	23363707	DEL	DEL	DEL	23363357	promoter	promoter_deletion	Os01g0596100|OsFbox025	no
IR64	1	23401016	23401102	DEL	DEL	DEL	23401016	promoter	promoter_deletion	Os01g0596600|.	no
IR64	1	23404730	23410401	DEL	DEL	INS+DEL	23404730	CDS(coding)	truncated_gene	Os01g0596600|.	no
IR64	1	23404730	23410401	DEL	DEL	INS+DEL	23404730	CDS(coding)	truncated_gene	Os01g0596700|.	no
IR64	1	23444059	23446219	DEL	DEL	INS+DEL	23444059	promoter	promoter_deletion	Os01g0597600|OsATL15	no
IR64	1	23446402	23446662	DEL	DEL	INS+DEL	23446402	promoter	promoter_deletion	Os01g0597600|OsATL15	no
IR64	1	23452460	23455280	DEL	DEL	DEL	23452460	promoter	promoter_deletion	Os01g0597701|.	no
IR64	1	23452460	23455280	DEL	DEL	DEL	23452460	promoter	promoter_deletion	Os01g0597800|.	no
IR64	1	23502338	23508728	DEL	DEL	DEL	23502338	exon/UTR	utr_deletion	Os01g0598200|OsCBL5	yes
IR64	1	23561109	23568159	DEL	DEL	DEL	23561109	promoter	promoter_deletion	Os01g0600200|.	no
IR64	1	23593900	23606770	DEL	DEL	DEL	23593900	promoter	promoter_deletion	Os01g0600900|CAB2R	no
IR64	1	23633944	23634153	DEL	DEL	DEL	23633944	CDS(coding)	truncated_gene	Os01g0601625|.	no
IR64	1	23639784	23640524	DUP	DUP	DUP	23639784	CDS(coding)	duplicated_gene	Os01g0601651|.	no
IR64	1	23639784	23640524	DUP	DUP	DUP	23639784	CDS(coding)	duplicated_gene	Os01g0601675|.	no
IR64	1	23643473	23643824	DEL	DEL	DEL+INS	23643473	promoter	promoter_deletion	Os01g0601675|.	no
IR64	1	23644617	23646477	DEL	DEL	DEL	23644617	promoter	promoter_deletion	Os01g0601675|.	no
IR64	1	23644617	23646477	DEL	DEL	DEL	23644617	promoter	promoter_deletion	Os01g0601687|.	no
IR64	1	23647569	23651649	DEL	DEL	INS+DEL+INS	23647569	CDS(coding)	deleted_gene	Os01g0601687|.	no
IR64	1	23647569	23651649	DEL	DEL	INS+DEL+INS	23647569	CDS(coding)	deleted_gene	Os01g0601700|.	no
IR64	1	23664709	23664799	DEL	DEL	INS+DEL	23664709	promoter	promoter_deletion	Os01g0602200|CYP72A31	no
IR64	1	23672283	23672346	DEL	DEL	DEL	23672283	promoter	promoter_deletion	Os01g0602433|.	no
IR64	1	23680189	23680549	DEL	DEL	DEL	23680189	promoter	promoter_deletion	Os01g0602466|.	no
IR64	1	23686112	23686348	DEL	DEL	DEL	23686112	promoter	promoter_deletion	Os01g0602500|.	no
IR64	1	23765024	23916025	DEL	DEL	INS+DEL	23765024	CDS(coding)	deleted_gene	Os01g0603500|.	no
IR64	1	23765024	23916025	DEL	DEL	INS+DEL	23765024	CDS(coding)	deleted_gene	Os01g0603700|.	no
IR64	1	23765024	23916025	DEL	DEL	INS+DEL	23765024	CDS(coding)	deleted_gene	Os01g0603800|OsSTA22	no
IR64	1	23765024	23916025	DEL	DEL	INS+DEL	23765024	CDS(coding)	deleted_gene	Os01g0604000|.	no
IR64	1	23765024	23916025	DEL	DEL	INS+DEL	23765024	CDS(coding)	deleted_gene	Os01g0604100|.	no
IR64	1	23765024	23916025	DEL	DEL	INS+DEL	23765024	CDS(coding)	deleted_gene	Os01g0604150|.	no
IR64	1	23765024	23916025	DEL	DEL	INS+DEL	23765024	CDS(coding)	deleted_gene	Os01g0604500|OsCML12	no
IR64	1	23765024	23916025	DEL	DEL	INS+DEL	23765024	CDS(coding)	deleted_gene	Os01g0604550|.	no
IR64	1	23765024	23916025	DEL	DEL	INS+DEL	23765024	CDS(coding)	deleted_gene	Os01g0604600|.	no
IR64	1	23765024	23916025	DEL	DEL	INS+DEL	23765024	CDS(coding)	deleted_gene	Os01g0604700|.	no
IR64	1	23765024	23916025	DEL	DEL	INS+DEL	23765024	CDS(coding)	deleted_gene	Os01g0604900|OsSTA24	no
IR64	1	23765024	23916025	DEL	DEL	INS+DEL	23765024	CDS(coding)	deleted_gene	Os01g0605000|.	no
IR64	1	23765024	23916025	DEL	DEL	INS+DEL	23765024	CDS(coding)	deleted_gene	Os01g0605100|.	no
IR64	1	23765024	23916025	DEL	DEL	INS+DEL	23765024	CDS(coding)	deleted_gene	Os01g0605300|OsUBC48	no
IR64	1	23765024	23916025	DEL	DEL	INS+DEL	23765024	CDS(coding)	deleted_gene	Os01g0605400|.	no
IR64	1	23765024	23916025	DEL	DEL	INS+DEL	23765024	CDS(coding)	deleted_gene	Os01g0605500|KIN8A	no
IR64	1	23765024	23916025	DEL	DEL	INS+DEL	23765024	CDS(coding)	deleted_gene	Os01g0605650|.	no
IR64	1	23765024	23916025	DEL	DEL	INS+DEL	23765024	CDS(coding)	deleted_gene	Os01g0605700|OsSWEET6b	no
IR64	1	23765024	23916025	DEL	DEL	INS+DEL	23765024	CDS(coding)	deleted_gene	Os01g0606000|OsSWEET6a	no
IR64	1	23765024	23916025	DEL	DEL	INS+DEL	23765024	CDS(coding)	deleted_gene	Os01g0606050|.	no
IR64	1	23765024	23916025	DEL	DEL	INS+DEL	23765024	CDS(coding)	deleted_gene	Os01g0606133|.	no
IR64	1	23765024	23916025	DEL	DEL	INS+DEL	23765024	CDS(coding)	deleted_gene	Os01g0606166|.	no
IR64	1	23765024	23916025	DEL	DEL	INS+DEL	23765024	CDS(coding)	deleted_gene	Os01g0606200|.	no
IR64	1	23765024	23916025	DEL	DEL	INS+DEL	23765024	CDS(coding)	deleted_gene	Os01g0606400|.	no
IR64	1	23765024	23916025	DEL	DEL	INS+DEL	23765024	CDS(coding)	deleted_gene	Os01g0606900|OsDjC10	no
IR64	1	23765024	23916025	DEL	DEL	INS+DEL	23765024	CDS(coding)	deleted_gene	Os01g0607000|.	no
IR64	1	24020711	24021801	DEL	DEL	DEL	24020711	promoter	promoter_deletion	Os01g0608200|.	no
IR64	1	24020727	24022917	DEL	DEL	DEL	24020727	promoter	promoter_deletion	Os01g0608200|.	no
IR64	1	24055778	24056508	DEL	DEL	INS+DEL	24055778	CDS(coding)	truncated_gene	Os01g0609000|OsABCG34	no
IR64	1	24057907	24058777	DEL	DEL	DEL	24057907	promoter	promoter_deletion	Os01g0609000|OsABCG34	no
IR64	1	24071440	24071656	DEL	DEL	DEL	24071440	intron	intronic_deletion	Os01g0609200|OsABCG35	no
IR64	1	24082609	24083159	DEL	DEL	DEL	24082609	promoter	promoter_deletion	Os01g0609300|OsPDR9	no
IR64	1	24101505	24103475	DEL	DEL	DEL	24101505	CDS(coding)	truncated_gene	Os01g0609700|.	no
IR64	1	24276526	24276589	DEL	DEL	DEL	24276526	promoter	promoter_deletion	Os01g0612500|OsPOP2	no
IR64	1	24284628	24284727	DEL	DEL	DEL	24284628	exon/UTR	utr_deletion	Os01g0612600|.	no
IR64	1	24362828	24362878	DEL	DEL	DEL	24362828	promoter	promoter_deletion	Os01g0614300|OsTBL16	no
IR64	1	24492056	24495836	DEL	DEL	DEL	24492056	promoter	promoter_deletion	Os01g0616800|.	no
IR64	1	24555245	24555328	DEL	DEL	DEL	24555245	CDS(coding)	truncated_gene	Os01g0617650|.	no
IR64	1	24555738	24556378	DEL	DEL	DEL	24555738	promoter	promoter_deletion	Os01g0617600|.	no
IR64	1	24555738	24556378	DEL	DEL	DEL	24555738	promoter	promoter_deletion	Os01g0617650|.	no
IR64	1	24575724	24575785	DUP	DUP	DUP	24575724	exon/UTR	duplicated_gene	Os01g0618000|.	no
IR64	1	24645963	24646303	DEL	DEL	DEL	24645963	promoter	promoter_deletion	Os01g0619100|OsTCL1	no
IR64	1	24711330	24711710	DEL	DEL	INS+DEL	24711330	promoter	promoter_deletion	Os01g0620301|.	no
IR64	1	24742877	24748427	DEL	DEL	DEL	24742877	promoter	promoter_deletion	Os01g0620900|.	no
IR64	1	24754638	24755058	DEL	DEL	DEL	24754638	intron	intronic_deletion	Os01g0621200|OsGAT2	no
IR64	1	24791342	24791524	DEL	DEL	INS+DEL	24791342	promoter	promoter_deletion	Os01g0621700|.	no
IR64	1	24806979	24808279	DEL	DEL	DEL	24806979	promoter	promoter_deletion	Os01g0621900|IIP1	no
IR64	1	24828657	24832377	DEL	DEL	DEL	24828657	promoter	promoter_deletion	Os01g0622300|HEME	no
IR64	1	24828657	24832377	DEL	DEL	DEL	24828657	promoter	promoter_deletion	Os01g0622500|.	no
IR64	1	24838859	24838917	DEL	DEL	DEL	24838859	promoter	promoter_deletion	Os01g0622600|OsCDPK1	no
IR64	1	24849164	24849584	DEL	DEL	DEL	24849164	promoter	promoter_deletion	Os01g0622901|.	no
IR64	1	25033481	25035671	DEL	DEL	DEL	25033481	promoter	promoter_deletion	Os01g0626900|.	no
IR64	1	25065810	25065882	DEL	DEL	DEL	25065810	promoter	promoter_deletion	Os01g0627900|.	no
IR64	1	25099710	25112940	DEL	DEL	DEL	25099710	promoter	promoter_deletion	Os01g0628700|.	no
IR64	1	25126751	25126994	DEL	DEL	DEL	25126751	intron	intronic_deletion	Os01g0629000|.	no
IR64	1	25261113	25261533	DEL	DEL	DEL	25261113	intron	intronic_deletion	Os01g0631400|GPAT	no
IR64	1	25300030	25300193	DEL	DEL	INS+DEL	25300030	promoter	promoter_deletion	Os01g0632100|.	no
IR64	1	25329402	25329822	DEL	DEL	DEL	25329402	promoter	promoter_deletion	Os01g0632700|.	no
IR64	1	25380853	25380916	DEL	DEL	DEL	25380853	promoter	promoter_deletion	Os01g0633500|Rd	no
IR64	1	25477691	25478681	DEL	DEL	INS+DEL	25477691	promoter	promoter_deletion	Os01g0635550|OsZHD5	no
IR64	1	25479190	25479291	DEL	DEL	DEL	25479190	CDS(coding)	truncated_gene	Os01g0635600|OsZHD5	no
IR64	1	25505873	25506793	DEL	DEL	DEL	25505873	promoter	promoter_deletion	Os01g0636400|.	no
IR64	1	25566877	25573297	DEL	DEL	DEL	25566877	intron	intronic_deletion	Os01g0637300|.	no
IR64	1	25635388	25635475	DUP	DUP	DUP	25635388	promoter	promoter_duplication	Os01g0639100|OsRH2	no
IR64	1	25956769	25956822	DEL	DEL	DEL	25956769	promoter	promoter_deletion	Os01g0644900|.	no
IR64	1	26033182	26033240	DEL	DEL	DEL	26033182	exon/UTR	utr_deletion	Os01g0645900|OsSultr5	no
IR64	1	26114045	26114122	DEL	DEL	DEL	26114045	exon/UTR	utr_deletion	Os01g0647800|.	no
IR64	1	26114985	26119455	DEL	DEL	DEL	26114985	CDS(coding)	deleted_gene	Os01g0647850|.	no
IR64	1	26207455	26217265	DEL	DEL	DEL	26207455	CDS(coding)	deleted_gene	Os01g0649566|.	no
IR64	1	26289047	26289397	DEL	DEL	DEL	26289047	promoter	promoter_deletion	Os01g0650950|.	no
IR64	1	26289047	26289397	DEL	DEL	DEL	26289047	promoter	promoter_deletion	Os01g0651000|OsGELP23	no
IR64	1	26567338	26571868	DEL	DEL	DEL	26567338	promoter	promoter_deletion	Os01g0654900|.	no
IR64	1	26659232	26679332	DEL	DEL	DEL	26659232	promoter	promoter_deletion	Os01g0656250|.	no
IR64	1	26716544	26716595	DEL	DEL	DEL	26716544	promoter	promoter_deletion	Os01g0656900|.	no
IR64	1	26764172	26769332	DEL	DEL	DEL	26764172	CDS(coding)	deleted_gene	Os01g0658300|.	no
IR64	1	26848675	26861515	DEL	DEL	DEL	26848675	promoter	promoter_deletion	Os01g0659800|.	no
IR64	1	26918862	26919232	DEL	DEL	DEL	26918862	CDS(coding)	truncated_gene	Os01g0660550|.	no
IR64	1	26922867	26923118	DEL	DEL	DEL	26922867	exon/UTR	utr_deletion	Os01g0660700|Os_F0640	no
IR64	1	27088578	27088729	DUP	DUP	DUP+INS	27088578	intron	duplicated_gene	Os01g0663400|OsAP10	no
IR64	1	27106037	27107127	DEL	DEL	DEL	27106037	intron	intronic_deletion	Os01g0663800|P0003E08.2-1	no
IR64	1	27110133	27110382	DEL	DEL	DEL	27110133	promoter	promoter_deletion	Os01g0663800|P0003E08.2-1	no
IR64	1	27180574	27180884	DEL	DEL	DEL	27180574	exon/UTR	utr_deletion	Os01g0665300|P0003E08.20-1	no
IR64	1	27185029	27185212	DEL	DEL	DEL	27185029	promoter	promoter_deletion	Os01g0665400|.	no
IR64	1	27185029	27185212	DEL	DEL	DEL	27185029	promoter	promoter_deletion	Os01g0665300|P0003E08.20-1	no
IR64	1	27185314	27185463	DEL	DEL	DEL	27185314	promoter	promoter_deletion	Os01g0665400|.	no
IR64	1	27185314	27185463	DEL	DEL	DEL	27185314	promoter	promoter_deletion	Os01g0665300|P0003E08.20-1	no
IR64	1	27231729	27231783	DEL	DEL	DEL	27231729	promoter	promoter_deletion	Os01g0666000|.	no
IR64	1	27279380	27279870	DEL	DEL	DEL	27279380	promoter	promoter_deletion	Os01g0667200|GLYII-1	no
IR64	1	27345038	27352958	DEL	DEL	DEL	27345038	promoter	promoter_deletion	Os01g0668200|.	no
IR64	1	27496903	27499253	DEL	DEL	DEL	27496903	promoter	promoter_deletion	Os01g0670600|.	no
IR64	1	27504479	27504564	DEL	DEL	DEL	27504479	intron	intronic_deletion	Os01g0670800|OsARF2	no
IR64	1	27507596	27508166	DEL	DEL	DEL	27507596	promoter	promoter_deletion	Os01g0670800|OsARF2	no
IR64	1	27776566	27776666	DEL	DEL	INS+DEL	27776566	promoter	promoter_deletion	Os01g0675700|OsIAA5	no
IR64	1	27860052	27860118	DEL	DEL	DEL	27860052	promoter	promoter_deletion	Os01g0677500|OsUBC39	no
IR64	1	27933180	27933530	DEL	DEL	DEL	27933180	exon/UTR	utr_deletion	Os01g0678950|.	no
IR64	1	27951742	27951818	DEL	DEL	DEL	27951742	promoter	promoter_deletion	Os01g0679400|.	no
IR64	1	28036000	28048870	DEL	DEL	DEL	28036000	intron	intronic_deletion	Os01g0681000|.	no
IR64	1	28049903	28049991	DUP	DUP	DUP+INS	28049903	intron	duplicated_gene	Os01g0681000|.	no
IR64	1	28130691	28130883	DEL	DEL	DEL	28130691	exon/UTR	utr_deletion	Os01g0682700|.	no
IR64	1	28224133	28231393	DEL	DEL	DEL	28224133	promoter	promoter_deletion	Os01g0684800|.	no
IR64	1	28240034	28241014	DEL	DEL	DEL	28240034	CDS(coding)	truncated_gene	Os01g0685100|.	no
IR64	1	28248062	28248228	DEL	DEL	DEL	28248062	promoter	promoter_deletion	Os01g0685200|.	no
IR64	1	28248062	28248228	DEL	DEL	DEL	28248062	promoter	promoter_deletion	Os01g0685400|.	no
IR64	1	28317581	28318941	DEL	DEL	DEL	28317581	promoter	promoter_deletion	Os01g0686500|.	no
IR64	1	28323626	28323696	DEL	DEL	DEL	28323626	exon/UTR	utr_deletion	Os01g0686600|.	no
IR64	1	28323626	28323696	DEL	DEL	DEL	28323626	exon/UTR	utr_deletion	Os01g0686650|.	no
IR64	1	28356124	28356389	DEL	DEL	DEL	28356124	promoter	promoter_deletion	Os01g0687400|.	no
IR64	1	28378886	28378942	DEL	DEL	DEL	28378886	CDS(coding)	truncated_gene	Os01g0687800|.	no
IR64	1	28378886	28378942	DEL	DEL	DEL	28378886	CDS(coding)	truncated_gene	Os01g0687850|.	no
IR64	1	28381743	28382303	DEL	DEL	DEL	28381743	exon/UTR	utr_deletion	Os01g0688000|.	no
IR64	1	28476434	28477604	DEL	DEL	DEL	28476434	promoter	promoter_deletion	Os01g0689800|OsPOP3	no
IR64	1	28491398	28491778	DEL	DEL	DEL	28491398	intron	intronic_deletion	Os01g0689900|OsWAK10	no
IR64	1	28493316	28493466	DEL	DEL	INS+DEL	28493316	intron	intronic_deletion	Os01g0689900|OsWAK10	no
IR64	1	28494150	28494510	DEL	DEL	DEL	28494150	intron	intronic_deletion	Os01g0689900|OsWAK10	no
IR64	1	28503645	28504285	DEL	DEL	DEL	28503645	promoter	promoter_deletion	Os01g0690200|P0034C09.3	no
IR64	1	28505101	28509331	DEL	DEL	DEL	28505101	intron	intronic_deletion	Os01g0690333|.	no
IR64	1	28510350	28510750	DEL	DEL	INS+DEL	28510350	promoter	promoter_deletion	Os01g0690333|.	no
IR64	1	28511486	28512416	DEL	DEL	INS+DEL	28511486	promoter	promoter_deletion	Os01g0690333|.	no
IR64	1	28511486	28512416	DEL	DEL	INS+DEL	28511486	promoter	promoter_deletion	Os01g0690600|.	no
IR64	1	28513373	28534973	hyperCPX_INS+DEL	DEL	hyperCPX_INS+DEL	28513373	CDS(coding)	truncated_gene	Os01g0690600|.	no
IR64	1	28513373	28534973	hyperCPX_INS+DEL	DEL	hyperCPX_INS+DEL	28513373	CDS(coding)	deleted_gene	Os01g0690800|.	no
IR64	1	28513373	28534973	hyperCPX_INS+DEL	DEL	hyperCPX_INS+DEL	28513373	CDS(coding)	deleted_gene	Os01g0690900|.	no
IR64	1	28513373	28534973	hyperCPX_INS+DEL	DEL	hyperCPX_INS+DEL	28513373	CDS(coding)	truncated_gene	Os01g0691000|.	no
IR64	1	28523251	28524152	DEL	DEL	INS+DEL	28523251	CDS(coding)	truncated_gene	Os01g0690800|.	no
IR64	1	28527179	28529360	DEL	DEL	INS+DEL	28527179	intron	intronic_deletion	Os01g0690800|.	no
IR64	1	28530399	28531650	DEL	DEL	INS+DEL	28530399	intron	intronic_deletion	Os01g0690800|.	no
IR64	1	28571993	28572064	DEL	DEL	DEL	28571993	CDS(coding)	truncated_gene	Os01g0692200|.	no
IR64	1	28636522	28636595	DEL	DEL	DEL	28636522	exon/UTR	utr_deletion	Os01g0693532|.	no
IR64	1	28652402	28652463	DEL	DEL	DEL	28652402	promoter	promoter_deletion	Os01g0693700|.	no
IR64	1	28668568	28669048	DEL	DEL	INS+DEL	28668568	promoter	promoter_deletion	Os01g0694100|LRR-RLK	no
IR64	1	28699063	28704643	DEL	DEL	DEL	28699063	promoter	promoter_deletion	Os01g0694400|.	no
IR64	1	28760707	28760763	DEL	DEL	DEL	28760707	promoter	promoter_deletion	Os01g0695600|.	no
IR64	1	28761134	28761240	DEL	DEL	DEL	28761134	promoter	promoter_deletion	Os01g0695600|.	no
IR64	1	28856270	28863530	DEL	DEL	INS+DEL	28856270	promoter	promoter_deletion	Os01g0697250|.	no
IR64	1	28873985	28874335	DEL	DEL	DEL	28873985	promoter	promoter_deletion	Os01g0697400|.	no
IR64	1	28986552	29044703	DEL	DEL	INS+DEL	28986552	CDS(coding)	deleted_gene	Os01g0700400|.	no
IR64	1	28986552	29044703	DEL	DEL	INS+DEL	28986552	CDS(coding)	deleted_gene	Os01g0700500|.	no
IR64	1	28986552	29044703	DEL	DEL	INS+DEL	28986552	CDS(coding)	deleted_gene	Os01g0700900|SLB1	no
IR64	1	28986552	29044703	DEL	DEL	INS+DEL	28986552	CDS(coding)	deleted_gene	Os01g0701100|.	no
IR64	1	28986552	29044703	DEL	DEL	INS+DEL	28986552	CDS(coding)	deleted_gene	Os01g0701400|SLB2	no
IR64	1	28986552	29044703	DEL	DEL	INS+DEL	28986552	CDS(coding)	deleted_gene	Os01g0701350|.	no
IR64	1	29076647	29076957	DEL	DEL	DEL	29076647	promoter	promoter_deletion	Os01g0702000|OsBBD1	no
IR64	1	29151391	29151630	DUP	DUP	DUP	29151391	promoter	promoter_duplication	Os01g0703300|P0421H07.23-1	no
IR64	1	29165554	29166124	DEL	DEL	DEL	29165554	promoter	promoter_deletion	Os01g0703600|SPL28	no
IR64	1	29209929	29210195	DEL	DEL	DEL	29209929	promoter	promoter_deletion	Os01g0704400|.	no
IR64	1	29284806	29284883	DEL	DEL	DEL	29284806	promoter	promoter_deletion	Os01g0706000|.	no
IR64	1	29284806	29284883	DEL	DEL	DEL	29284806	promoter	promoter_deletion	Os01g0706100|.	no
IR64	1	29336668	29336958	DEL	DEL	DEL	29336668	promoter	promoter_deletion	Os01g0706900|ILL2	no
IR64	1	29415365	29423375	DEL	DEL	DEL	29415365	promoter	promoter_deletion	Os01g0708201|.	no
IR64	1	29415365	29423375	DEL	DEL	DEL	29415365	promoter	promoter_deletion	Os01g0708300|.	no
IR64	1	29533157	29536338	DEL	DEL	INS+DEL	29533157	CDS(coding)	deleted_gene	Os01g0710800|.	no
IR64	1	29543933	29544066	DEL	DEL	INS+DEL	29543933	promoter	promoter_deletion	Os01g0711050|.	no
IR64	1	29543933	29544066	DEL	DEL	INS+DEL	29543933	promoter	promoter_deletion	Os01g0711100|.	no
IR64	1	29550370	29550444	DEL	DEL	INS+DEL	29550370	promoter	promoter_deletion	Os01g0711200|.	no
IR64	1	29551075	29551308	DEL	DEL	DEL	29551075	promoter	promoter_deletion	Os01g0711200|.	yes
IR64	1	29567635	29567835	DEL	DEL	INS+DEL	29567635	promoter	promoter_deletion	Os01g0711500|OsCBL10	no
IR64	1	29567964	29568354	DEL	DEL	INS+DEL	29567964	promoter	promoter_deletion	Os01g0711500|OsCBL10	no
IR64	1	29571522	29571757	DEL	DEL	DEL	29571522	exon/UTR	utr_deletion	Os01g0711500|OsCBL10	no
IR64	1	29573222	29573445	DEL	DEL	DEL	29573222	intron	intronic_deletion	Os01g0711600|OsRTH1	no
IR64	1	29595838	29597129	DEL	DEL	INS+DEL	29595838	promoter	promoter_deletion	Os01g0712501|.	no
IR64	1	29598249	29598809	DEL	DEL	DEL	29598249	promoter	promoter_deletion	Os01g0712501|.	no
IR64	1	29598249	29598809	DEL	DEL	DEL	29598249	promoter	promoter_deletion	Os01g0712500|.	no
IR64	1	29602632	29602803	DEL	DEL	DEL	29602632	promoter	promoter_deletion	Os01g0712600|.	no
IR64	1	29619508	29619589	DEL	DEL	DEL	29619508	promoter	promoter_deletion	Os01g0713200|Gns10	no
IR64	1	29683348	29726729	DEL	DEL	INS+DEL	29683348	CDS(coding)	deleted_gene	Os01g0714225|.	no
IR64	1	29683348	29726729	DEL	DEL	INS+DEL	29683348	CDS(coding)	deleted_gene	Os01g0714600|.	no
IR64	1	29683348	29726729	DEL	DEL	INS+DEL	29683348	CDS(coding)	deleted_gene	Os01g0714800|OsWRKY26	no
IR64	1	29821814	29822134	DEL	DEL	DEL	29821814	exon/UTR	utr_deletion	Os01g0716500|.	no
IR64	1	29836914	29838314	DEL	DEL	DEL	29836914	promoter	promoter_deletion	Os01g0716900|.	no
IR64	1	29868580	29868718	DEL	DEL	DEL	29868580	promoter	promoter_deletion	Os01g0717301|.	no
IR64	1	29881350	29886600	DEL	DEL	DEL	29881350	promoter	promoter_deletion	Os01g0717601|OsSAP13	no
IR64	1	29888249	29888307	DEL	DEL	DEL	29888249	promoter	promoter_deletion	Os01g0717650|.	no
IR64	1	29893527	29893717	DEL	DEL	INS+DEL	29893527	promoter	promoter_deletion	Os01g0717700|.	no
IR64	1	29931518	29931938	DEL	DEL	DEL	29931518	promoter	promoter_deletion	Os01g0718300|D61	no
IR64	1	29959039	29959090	DEL	DEL	DEL	29959039	promoter	promoter_deletion	Os01g0719000|.	no
IR64	1	30125334	30129114	DEL	DEL	DEL	30125334	CDS(coding)	deleted_gene	Os01g0722550|.	no
IR64	1	30175574	30175914	DUP	DUP	DUP	30175574	intron	duplicated_gene	Os01g0723500|.	no
IR64	1	30177870	30177929	DEL	DEL	DEL	30177870	intron	intronic_deletion	Os01g0723500|.	no
IR64	1	30245790	30245844	DEL	DEL	DEL	30245790	intron	intronic_deletion	Os01g0725400|.	no
IR64	1	30249184	30249476	DEL	DEL	DEL	30249184	intron	intronic_deletion	Os01g0725400|.	no
IR64	1	30310238	30310473	DEL	DEL	DEL	30310238	promoter	promoter_deletion	Os01g0727100|.	no
IR64	1	30316989	30318089	DEL	DEL	DEL	30316989	promoter	promoter_deletion	Os01g0727200|.	no
IR64	1	30350864	30351724	DEL	DEL	DEL	30350864	promoter	promoter_deletion	Os01g0727840|OsSub3	no
IR64	1	30350864	30351724	DEL	DEL	DEL	30350864	promoter	promoter_deletion	Os01g0727900|.	no
IR64	1	30371484	30371565	DEL	DEL	DEL	30371484	promoter	promoter_deletion	Os01g0728250|.	no
IR64	1	30371484	30371565	DEL	DEL	DEL	30371484	promoter	promoter_deletion	Os01g0728325|.	no
IR64	1	30378593	30379244	DEL	DEL	INS+DEL	30378593	intron	intronic_deletion	Os01g0728350|.	no
IR64	1	30378593	30379244	DEL	DEL	INS+DEL	30378593	intron	intronic_deletion	Os01g0728375|.	no
IR64	1	30388993	30392683	DEL	DEL	DEL	30388993	promoter	promoter_deletion	Os01g0728700|.	no
IR64	1	30388993	30392683	DEL	DEL	DEL	30388993	promoter	promoter_deletion	Os01g0728900|.	no
IR64	1	30432479	30445229	DEL	DEL	DEL	30432479	promoter	promoter_deletion	Os01g0729950|.	no
IR64	1	30449823	30449970	DEL	DEL	DEL	30449823	promoter	promoter_deletion	Os01g0730100|OsFbox035	no
IR64	1	30450230	30450570	DEL	DEL	DEL	30450230	promoter	promoter_deletion	Os01g0730100|OsFbox035	no
IR64	1	30487716	30488026	DEL	DEL	DEL	30487716	promoter	promoter_deletion	Os01g0730800|.	no
IR64	1	30574734	30574792	DEL	DEL	DEL	30574734	exon/UTR	utr_deletion	Os01g0733001|.	no
IR64	1	30577482	30581322	DEL	DEL	DEL	30577482	CDS(coding)	truncated_gene	Os01g0733100|.	no
IR64	1	30602332	30602722	DEL	DEL	DEL	30602332	promoter	promoter_deletion	Os01g0733801|.	no
IR64	1	30602332	30602722	DEL	DEL	DEL	30602332	promoter	promoter_deletion	Os01g0734000|OsWRKY23	no
IR64	1	30674587	30674704	DEL	DEL	DEL	30674587	promoter	promoter_deletion	Os01g0735500|OsUGT88C2	no
IR64	1	30686221	30689401	DEL	DEL	DEL	30686221	promoter	promoter_deletion	Os01g0736000|.	no
IR64	1	30691882	30691992	DEL	DEL	INS+DEL	30691882	promoter	promoter_deletion	Os01g0735900|OsUGT706B1	no
IR64	1	30697454	30697513	DEL	DEL	DEL	30697454	promoter	promoter_deletion	Os01g0736100|OsUGT706C1	no
IR64	1	30698470	30703451	DEL	DEL	INS+DEL	30698470	promoter	promoter_deletion	Os01g0736100|OsUGT706C1	no
IR64	1	30709389	30711909	DEL	DEL	DEL	30709389	promoter	promoter_deletion	Os01g0736400|B1060H01.46-1	no
IR64	1	30715883	30715970	DEL	DEL	DEL	30715883	intron	intronic_deletion	Os01g0736400|B1060H01.46-1	no
IR64	1	30741089	30742130	DEL	DEL	INS+DEL	30741089	promoter	promoter_deletion	Os01g0737000|.	no
IR64	1	30748039	30748369	DEL	DEL	INS+DEL	30748039	exon/UTR	utr_deletion	Os01g0737100|.	no
IR64	1	30750718	30752138	DEL	DEL	DEL	30750718	promoter	promoter_deletion	Os01g0737100|.	no
IR64	1	30750718	30752138	DEL	DEL	DEL	30750718	promoter	promoter_deletion	Os01g0737200|.	no
IR64	1	30750718	30752138	DEL	DEL	DEL	30750718	promoter	promoter_deletion	Os01g0737300|.	no
IR64	1	30753930	30754010	DEL	DEL	DEL	30753930	intron	intronic_deletion	Os01g0737300|.	no
IR64	1	30761665	30763485	DEL	DEL	DEL	30761665	promoter	promoter_deletion	Os01g0737500|OsALMT5	no
IR64	1	30764799	30764951	DEL	DEL	DEL	30764799	intron	intronic_deletion	Os01g0737500|OsALMT5	no
IR64	1	30765309	30765402	DEL	DEL	DEL	30765309	intron	intronic_deletion	Os01g0737500|OsALMT5	no
IR64	1	30767095	30767926	DEL	DEL	INS+DEL	30767095	promoter	promoter_deletion	Os01g0737600|.	no
IR64	1	30783218	30784788	DEL	DEL	DEL	30783218	promoter	promoter_deletion	Os01g0738000|.	no
IR64	1	30795822	30795940	DEL	DEL	DEL	30795822	intron	intronic_deletion	Os01g0738100|.	no
IR64	1	30797554	30798535	DEL	DEL	INS+DEL	30797554	promoter	promoter_deletion	Os01g0738100|.	no
IR64	1	30882511	30882651	DEL	DEL	DEL	30882511	intron	intronic_deletion	Os01g0739400|.	no
IR64	1	30908391	30910191	DEL	DEL	DEL	30908391	CDS(coding)	truncated_gene	Os01g0740150|.	no
IR64	1	30908391	30910191	DEL	DEL	DEL	30908391	CDS(coding)	truncated_gene	Os01g0740300|.	no
IR64	1	30953566	30953696	DEL	DEL	INS+DEL	30953566	promoter	promoter_deletion	Os01g0741200|OsLysM-RLK4	no
IR64	1	30953566	30953696	DEL	DEL	INS+DEL	30953566	promoter	promoter_deletion	Os01g0741250|.	no
IR64	1	30953566	30953696	DEL	DEL	INS+DEL	30953566	promoter	promoter_deletion	Os01g0741300|.	no
IR64	1	31081729	31082319	DUP	DUP	DUP	31081729	intron	duplicated_gene	Os01g0743600|OsEnS-14	no
IR64	1	31107340	31107500	DEL	DEL	DEL	31107340	promoter	promoter_deletion	Os01g0744200|.	no
IR64	1	31138231	31151881	DEL	DEL	DEL	31138231	promoter	promoter_deletion	Os01g0744700|.	no
IR64	1	31460205	31472625	DEL	DEL	DEL	31460205	promoter	promoter_deletion	Os01g0750666|.	no
IR64	1	31571879	31571940	DEL	DEL	DEL	31571879	intron	intronic_deletion	Os01g0752600|.	no
IR64	1	31597919	31598380	DEL	DEL	INS+DEL	31597919	promoter	promoter_deletion	Os01g0753000|EIP8	no
IR64	1	31597919	31598380	DEL	DEL	INS+DEL	31597919	promoter	promoter_deletion	Os01g0753100|.	no
IR64	1	31617097	31617319	DEL	DEL	DEL	31617097	exon/UTR	utr_deletion	Os01g0753500|OsARF3	no
IR64	1	31648339	31648404	DUP	DUP	DUP	31648339	exon/UTR	duplicated_gene	Os01g0754200|OsGSL3	no
IR64	1	31648339	31648404	DUP	DUP	DUP	31648339	exon/UTR	duplicated_gene	Os01g0754300|.	no
IR64	1	31648763	31649043	DEL	DEL	DEL	31648763	promoter	promoter_deletion	Os01g0754200|OsGSL3	no
IR64	1	31679783	31679873	DEL	DEL	INS+DEL	31679663	intron	intronic_deletion	Os01g0755100|.	no
IR64	1	31708243	31708320	DEL	DEL	DEL	31708243	promoter	promoter_deletion	Os01g0755600|.	no
IR64	1	31759369	31759498	DEL	DEL	DEL	31759369	promoter	promoter_deletion	Os01g0756700|KAT1	no
IR64	1	31788235	31792015	DEL	DEL	DEL	31788235	promoter	promoter_deletion	Os01g0757051|.	no
IR64	1	31931137	31935127	DEL	DEL	DEL	31931137	promoter	promoter_deletion	Os01g0759100|OsTLP12	no
IR64	1	31984029	31984201	DEL	DEL	DEL	31984029	promoter	promoter_deletion	Os01g0760150|.	no
IR64	1	32063969	32070779	DEL	DEL	DEL	32063969	promoter	promoter_deletion	Os01g0762000|OspPLAIValpha	no
IR64	1	32090956	32091221	DEL	DEL	DEL	32090956	promoter	promoter_deletion	Os01g0762900|.	no
IR64	1	32279959	32283229	DEL	DEL	DEL	32279959	promoter	promoter_deletion	Os01g0766200|OsRDCP3	no
IR64	1	32297704	32297833	DEL	DEL	DEL	32297704	promoter	promoter_deletion	Os01g0766600|.	no
IR64	1	32339525	32339621	DEL	DEL	DEL	32339525	promoter	promoter_deletion	Os01g0767100|OsProCP1	no
IR64	1	32341855	32345215	DEL	DEL	DEL	32341855	promoter	promoter_deletion	Os01g0767600|.	no
IR64	1	32395991	32414501	DEL	DEL	DEL	32395991	CDS(coding)	deleted_gene	Os01g0768600|.	no
IR64	1	32466651	32470191	DEL	DEL	DEL	32466651	promoter	promoter_deletion	Os01g0769900|PTAC12	no
IR64	1	32480786	32480866	DEL	DEL	INS+DEL	32480786	promoter	promoter_deletion	Os01g0770000|.	no
IR64	1	32517182	32521772	DEL	DEL	DEL	32517182	promoter	promoter_deletion	Os01g0770500|OsABCI6	no
IR64	1	32517182	32521772	DEL	DEL	DEL	32517182	promoter	promoter_deletion	Os01g0770700|COPT1	no
IR64	1	32537575	32537662	DEL	DEL	DEL	32537575	promoter	promoter_deletion	Os01g0771000|.	no
IR64	1	32556975	32557028	DEL	DEL	DEL	32556975	intron	intronic_deletion	Os01g0771350|.	no
IR64	1	32556975	32557028	DEL	DEL	DEL	32556975	intron	intronic_deletion	Os01g0771400|OsM2	no
IR64	1	32570005	32570355	DUP	DUP	DUP+DEL	32570005	promoter	promoter_duplication	Os01g0771400|OsM2	no
IR64	1	32570389	32571479	DEL	DEL	DEL	32570389	promoter	promoter_deletion	Os01g0771400|OsM2	no
IR64	1	32570405	32571475	DEL	DEL	DUP+DEL	32570005	promoter	promoter_deletion	Os01g0771400|OsM2	no
IR64	1	32572084	32579644	DEL	DEL	DEL	32572084	promoter	promoter_deletion	Os01g0771950|.	no
IR64	1	32586262	32586518	DEL	DEL	DEL	32586262	promoter	promoter_deletion	Os01g0771900|.	no
IR64	1	32602035	32603235	DEL	DEL	DEL	32602035	promoter	promoter_deletion	Os01g0772200|OsTFIIF2-2	no
IR64	1	32668893	32669213	DEL	DEL	DEL	32668893	promoter	promoter_deletion	Os01g0773000|.	no
IR64	1	32668893	32669213	DEL	DEL	DEL	32668893	promoter	promoter_deletion	Os01g0773100|.	no
IR64	1	32723102	32723502	DEL	DEL	DEL	32723102	promoter	promoter_deletion	Os01g0774001|.	no
IR64	1	32726339	32739960	DEL	DEL	INS+DEL	32726339	CDS(coding)	deleted_gene	Os01g0774100|.	no
IR64	1	32726339	32739960	DEL	DEL	INS+DEL	32726339	CDS(coding)	deleted_gene	Os01g0774200|.	no
IR64	1	32752266	32755986	DEL	DEL	DEL	32752266	intron	intronic_deletion	Os01g0774500|OsSTA35	no
IR64	1	32850977	32851241	DEL	DEL	DEL	32850977	intron	intronic_deletion	Os01g0776600|OsPAP10a	no
IR64	1	32900394	32900450	DEL	DEL	DEL	32900394	promoter	promoter_deletion	Os01g0777400|.	no
IR64	1	32905326	32911626	DEL	DEL	DEL	32905326	CDS(coding)	deleted_gene	Os01g0777600|.	no
IR64	1	32905326	32911626	DEL	DEL	DEL	32905326	CDS(coding)	deleted_gene	Os01g0777650|.	no
IR64	1	32905326	32911626	DEL	DEL	DEL	32905326	CDS(coding)	truncated_gene	Os01g0777700|.	no
IR64	1	33082119	33083409	DEL	DEL	DEL	33082119	CDS(coding)	truncated_gene	Os01g0780900|.	no
IR64	1	33122698	33143278	DEL	DEL	DEL	33122698	CDS(coding)	truncated_gene	Os01g0781700|Pi37(t)	no
IR64	1	33122698	33143278	DEL	DEL	DEL	33122698	CDS(coding)	truncated_gene	Os01g0782100|PISH	no
IR64	1	33122698	33143278	DEL	DEL	DEL	33122698	CDS(coding)	truncated_gene	Os01g0782200|.	no
IR64	1	33122698	33143278	DEL	DEL	DEL	33122698	CDS(coding)	deleted_gene	Os01g0781833|.	no
IR64	1	33145308	33145388	DEL	DEL	INS+DEL	33145308	exon/UTR	utr_deletion	Os01g0782100|PISH	no
IR64	1	33145308	33145388	DEL	DEL	INS+DEL	33145308	exon/UTR	utr_deletion	Os01g0782200|.	no
IR64	1	33147282	33148242	DEL	DEL	DEL	33147282	CDS(coding)	truncated_gene	Os01g0782200|.	no
IR64	1	33147282	33148242	DEL	DEL	DEL	33147282	CDS(coding)	truncated_gene	Os01g0782300|.	no
IR64	1	33159138	33159918	DEL	DEL	DEL	33159138	promoter	promoter_deletion	Os01g0782500|.	no
IR64	1	33167881	33168231	DEL	DEL	DEL	33167881	promoter	promoter_deletion	Os01g0782850|.	no
IR64	1	33179565	33180505	DEL	DEL	DEL	33179565	promoter	promoter_deletion	Os01g0782901|AM15	no
IR64	1	33194503	33195244	DEL	DEL	INS+DEL	33194503	promoter	promoter_deletion	Os01g0783200|.	no
IR64	1	33197964	33198404	DEL	DEL	INS+DEL	33197964	promoter	promoter_deletion	Os01g0783400|.	no
IR64	1	33204501	33205181	DEL	DEL	DEL	33204501	promoter	promoter_deletion	Os01g0783600|OsISC22	no
IR64	1	33208804	33209964	DEL	DEL	INS+DEL	33208804	promoter	promoter_deletion	Os01g0783800|.	no
IR64	1	33208804	33209964	DEL	DEL	INS+DEL	33208804	promoter	promoter_deletion	Os01g0783700|.	no
IR64	1	33210002	33211472	DEL	DEL	INS+DEL	33210002	CDS(coding)	truncated_gene	Os01g0783800|.	no
IR64	1	33212510	33212766	DEL	DEL	INS+DEL	33212510	CDS(coding)	truncated_gene	Os01g0783800|.	no
IR64	1	33213139	33215029	DEL	DEL	INS+DEL	33213139	CDS(coding)	truncated_gene	Os01g0783800|.	no
IR64	1	33213139	33215029	DEL	DEL	INS+DEL	33213139	CDS(coding)	truncated_gene	Os01g0783851|.	no
IR64	1	33216820	33216870	DEL	DEL	INS+DEL+INS	33216820	promoter	promoter_deletion	Os01g0783851|.	no
IR64	1	33216820	33216870	DEL	DEL	INS+DEL+INS	33216820	promoter	promoter_deletion	Os01g0783900|.	no
IR64	1	33221000	33221601	DEL	DEL	DEL+INS	33221000	CDS(coding)	deleted_gene	Os01g0784000|.	no
IR64	1	33225030	33226581	DEL	DEL	INS+DEL	33225030	promoter	promoter_deletion	Os01g0784200|.	no
IR64	1	33226916	33227367	DEL	DEL	INS+DEL	33226916	promoter	promoter_deletion	Os01g0784200|.	no
IR64	1	33229596	33229966	DEL	DEL	DEL	33229596	intron	intronic_deletion	Os01g0784200|.	no
IR64	1	33229596	33229966	DEL	DEL	DEL	33229596	intron	intronic_deletion	Os01g0784101|.	no
IR64	1	33231751	33239222	DEL	DEL	INS+DEL	33231751	CDS(coding)	truncated_gene	Os01g0784200|.	no
IR64	1	33231751	33239222	DEL	DEL	INS+DEL	33231751	CDS(coding)	truncated_gene	Os01g0784450|.	no
IR64	1	33239619	33239753	DEL	DEL	INS+DEL	33239619	CDS(coding)	truncated_gene	Os01g0784450|.	no
IR64	1	33240006	33241776	DEL	DEL	INS+DEL	33240006	CDS(coding)	truncated_gene	Os01g0784450|.	no
IR64	1	33240006	33241776	DEL	DEL	INS+DEL	33240006	CDS(coding)	truncated_gene	Os01g0784500|OsRLCK44	no
IR64	1	33243848	33244758	DEL	DEL	INS+DEL	33243848	promoter	promoter_deletion	Os01g0784600|.	no
IR64	1	33352322	33356012	DEL	DEL	DEL	33352322	promoter	promoter_deletion	Os01g0786500|OsUCL1	no
IR64	1	33357080	33358550	DEL	DEL	DEL	33357080	promoter	promoter_deletion	Os01g0786601|.	no
IR64	1	33367713	33368853	DEL	DEL	DEL	33367713	promoter	promoter_deletion	Os01g0786800|.	no
IR64	1	33374783	33374851	DEL	DEL	DEL	33374783	promoter	promoter_deletion	Os01g0786900|OsATG18e	no
IR64	1	33442152	33447522	DEL	DEL	DEL	33442152	promoter	promoter_deletion	Os01g0788200|.	no
IR64	1	33455228	33455368	DEL	DEL	DEL+DEL	33455228	intron	intronic_deletion	Os01g0788400|OsPME6	no
IR64	1	33455228	33455368	DEL	DEL	DEL+DEL	33455228	intron	intronic_deletion	Os01g0788451|.	no
IR64	1	33455488	33455739	DEL	DEL	DEL+DEL	33455228	intron	intronic_deletion	Os01g0788400|OsPME6	no
IR64	1	33455488	33455739	DEL	DEL	DEL+DEL	33455228	intron	intronic_deletion	Os01g0788451|.	no
IR64	1	33456035	33456245	DEL	DEL	DEL+DEL	33456035	intron	intronic_deletion	Os01g0788400|OsPME6	no
IR64	1	33456035	33456245	DEL	DEL	DEL+DEL	33456035	intron	intronic_deletion	Os01g0788451|.	no
IR64	1	33456445	33458576	DEL	DEL	DEL+DEL	33456035	intron	intronic_deletion	Os01g0788400|OsPME6	no
IR64	1	33456445	33458576	DEL	DEL	DEL+DEL	33456035	intron	intronic_deletion	Os01g0788451|.	no
IR64	1	33473277	33473525	DEL	DEL	DEL	33473277	intron	intronic_deletion	Os01g0788800|OSTF1(t)	no
IR64	1	33474468	33474531	DEL	DEL	INS+DEL	33474468	intron	intronic_deletion	Os01g0788800|OSTF1(t)	no
IR64	1	33478551	33478607	DEL	DEL	DEL	33478551	promoter	promoter_deletion	Os01g0788850|.	no
IR64	1	33481559	33481890	DEL	DEL	INS+DEL	33481559	promoter	promoter_deletion	Os01g0788900|.	no
IR64	1	33487066	33487126	DEL	DEL	DEL	33487066	intron	intronic_deletion	Os01g0789000|OsFbox044	no
IR64	1	33487870	33488220	DEL	DEL	INS+DEL	33487870	promoter	promoter_deletion	Os01g0789000|OsFbox044	no
IR64	1	33488313	33488403	DEL	DEL	INS+DEL	33488313	promoter	promoter_deletion	Os01g0789000|OsFbox044	no
IR64	1	33488716	33489086	DEL	DEL	INS+DEL	33488716	promoter	promoter_deletion	Os01g0789000|OsFbox044	no
IR64	1	33493167	33493538	DEL	DEL	INS+DEL	33493167	promoter	promoter_deletion	Os01g0789200|OsRLCK45	no
IR64	1	33493167	33493538	DEL	DEL	INS+DEL	33493167	promoter	promoter_deletion	Os01g0789100|.	no
IR64	1	33496779	33590380	DEL	DEL	INS+DEL+INS+DEL	33496779	CDS(coding)	deleted_gene	ENSRNA049471778|LSU_rRNA_eukarya	no
IR64	1	33496779	33590380	DEL	DEL	INS+DEL+INS+DEL	33496779	CDS(coding)	deleted_gene	ENSRNA049471707|Intron_gpII	no
IR64	1	33496779	33590380	DEL	DEL	INS+DEL+INS+DEL	33496779	CDS(coding)	deleted_gene	ENSRNA049471695|Intron_gpII	no
IR64	1	33496779	33590380	DEL	DEL	INS+DEL+INS+DEL	33496779	CDS(coding)	deleted_gene	ENSRNA049471700|Intron_gpII	no
IR64	1	33496779	33590380	DEL	DEL	INS+DEL+INS+DEL	33496779	CDS(coding)	deleted_gene	ENSRNA049471723|Intron_gpII	no
IR64	1	33496779	33590380	DEL	DEL	INS+DEL+INS+DEL	33496779	CDS(coding)	deleted_gene	Os01g0791033|.	no
IR64	1	33496779	33590380	DEL	DEL	INS+DEL+INS+DEL	33496779	CDS(coding)	deleted_gene	ENSRNA049471772|LSU_rRNA_eukarya	no
IR64	1	33496779	33590380	DEL	DEL	INS+DEL+INS+DEL	33496779	CDS(coding)	deleted_gene	ENSRNA049441959|tRNA-Thr	no
IR64	1	33496779	33590380	DEL	DEL	INS+DEL+INS+DEL	33496779	CDS(coding)	deleted_gene	ENSRNA049471864|IsrR	no
IR64	1	33496779	33590380	DEL	DEL	INS+DEL+INS+DEL	33496779	CDS(coding)	deleted_gene	ENSRNA049471715|Intron_gpII	no
IR64	1	33496779	33590380	DEL	DEL	INS+DEL+INS+DEL	33496779	CDS(coding)	deleted_gene	ENSRNA049471882|LSU_rRNA_eukarya	no
IR64	1	33496779	33590380	DEL	DEL	INS+DEL+INS+DEL	33496779	CDS(coding)	deleted_gene	ENSRNA049440515|tRNA-Asn	no
IR64	1	33591779	33593479	DEL	DEL	INS+DEL+INS+DEL	33496779	promoter	promoter_deletion	Os01g0793100|.	no
IR64	1	33591779	33593479	DEL	DEL	INS+DEL+INS+DEL	33496779	promoter	promoter_deletion	Os01g0793200|.	no
IR64	1	33643565	33649985	DEL	DEL	DEL	33643565	intron	intronic_deletion	Os01g0794400|.	no
IR64	1	33653198	33655038	DEL	DEL	DEL	33653198	CDS(coding)	truncated_gene	Os01g0794500|.	no
IR64	1	33653198	33655038	DEL	DEL	DEL	33653198	CDS(coding)	truncated_gene	Os01g0794600|.	no
IR64	1	33661140	33670380	DEL	DEL	DEL	33661140	CDS(coding)	truncated_gene	Os01g0794800|P0684C02.23-2	no
IR64	1	33661140	33670380	DEL	DEL	DEL	33661140	CDS(coding)	truncated_gene	Os01g0794900|.	no
IR64	1	33661140	33670380	DEL	DEL	DEL	33661140	CDS(coding)	truncated_gene	Os01g0795000|RSP1	no
IR64	1	33688537	33689488	DEL	DEL	INS+DEL	33688537	promoter	promoter_deletion	Os01g0795250|.	no
IR64	1	33697847	33697955	DEL	DEL	DEL	33697847	promoter	promoter_deletion	Os01g0795300|P0699H05.10-1	no
IR64	1	33697847	33697955	DEL	DEL	DEL	33697847	promoter	promoter_deletion	Os01g0795600|.	no
IR64	1	33705216	33705458	DEL	DEL	DEL	33705216	promoter	promoter_deletion	Os01g0795766|.	no
IR64	1	33777397	33777482	DEL	DEL	DEL	33777397	promoter	promoter_deletion	Os01g0797800|.	no
IR64	1	33788935	33788990	DEL	DEL	DEL	33788935	promoter	promoter_deletion	Os01g0798100|.	no
IR64	1	33822194	33822252	DEL	DEL	DEL	33822194	intron	intronic_deletion	Os01g0799100|.	no
IR64	1	33880046	33881226	DEL	DEL	DEL	33880046	promoter	promoter_deletion	Os01g0800101|.	no
IR64	1	33880046	33881226	DEL	DEL	DEL	33880046	promoter	promoter_deletion	Os01g0800200|.	no
IR64	1	33926816	33926928	DEL	DEL	DEL	33926816	intron	intronic_deletion	Os01g0801100|.	no
IR64	1	33966461	33966891	DEL	DEL	DEL	33966461	promoter	promoter_deletion	Os01g0802000|OsRFPH2-12	no
IR64	1	33967804	33968734	DEL	DEL	DEL	33967804	promoter	promoter_deletion	Os01g0802000|OsRFPH2-12	no
IR64	1	33990570	33995730	DEL	DEL	DEL	33990570	CDS(coding)	deleted_gene	Os01g0802400|.	no
IR64	1	34012143	34015983	DEL	DEL	DEL	34012143	promoter	promoter_deletion	Os01g0802900|.	no
IR64	1	34045633	34045993	DEL	DEL	DEL	34045633	promoter	promoter_deletion	Os01g0803300|.	no
IR64	1	34111515	34112635	DEL	DEL	DEL	34111515	promoter	promoter_deletion	Os01g0804150|.	no
IR64	1	34131056	34131299	DEL	DEL	DEL	34131056	promoter	promoter_deletion	Os01g0804900|.	no
IR64	1	34161739	34162259	DEL	DEL	DEL	34161739	promoter	promoter_deletion	Os01g0805700|.	no
IR64	1	34166978	34167038	DEL	DEL	DEL	34166978	promoter	promoter_deletion	Os01g0805900|OsTUB4	no
IR64	1	34166978	34167038	DEL	DEL	DEL	34166978	promoter	promoter_deletion	Os01g0805800|.	no
IR64	1	34179824	34181284	DEL	DEL	DEL	34179824	promoter	promoter_deletion	Os01g0806000|.	no
IR64	1	34238964	34254055	DEL	DEL	INS+DEL	34238964	CDS(coding)	deleted_gene	Os01g0807000|.	no
IR64	1	34315069	34315334	DEL	DEL	DEL	34315069	promoter	promoter_deletion	Os01g0808100|OsbZIP08	no
IR64	1	34323986	34324058	DEL	DEL	DEL	34323986	promoter	promoter_deletion	Os01g0808400|OsCDPK2	no
IR64	1	34424770	34427751	DEL	DEL	INS+DEL	34424770	promoter	promoter_deletion	Os01g0810401|.	no
IR64	1	34429561	34429828	DEL	DEL	DEL	34429561	intron	intronic_deletion	Os01g0810401|.	no
IR64	1	34429561	34429828	DEL	DEL	DEL	34429561	intron	intronic_deletion	Os01g0810500|.	no
IR64	1	34433599	34436720	DEL	DEL	INS+DEL	34433599	CDS(coding)	truncated_gene	Os01g0810401|.	no
IR64	1	34433599	34436720	DEL	DEL	INS+DEL	34433599	CDS(coding)	truncated_gene	Os01g0810500|.	no
IR64	1	34436850	34438621	DEL	DEL	INS+DEL	34436850	CDS(coding)	truncated_gene	Os01g0810700|.	no
IR64	1	34436850	34438621	DEL	DEL	INS+DEL	34436850	CDS(coding)	truncated_gene	Os01g0810600|OsRLCK46	no
IR64	1	34442619	34443159	DEL	DEL	INS+DEL	34442619	intron	intronic_deletion	Os01g0810600|OsRLCK46	no
IR64	1	34443365	34444136	DEL	DEL	INS+DEL	34443365	intron	intronic_deletion	Os01g0810600|OsRLCK46	no
IR64	1	34449727	34449876	DEL	DEL	DEL	34449727	intron	intronic_deletion	Os01g0810800|.	no
IR64	1	34471405	34471461	DEL	DEL	DEL	34471405	intron	intronic_deletion	Os01g0811100|OsPAG1	no
IR64	1	34589620	34596010	DEL	DEL	DEL	34589620	intron	intronic_deletion	Os01g0813700|Os1bglu2	no
IR64	1	34624548	34624898	DEL	DEL	DEL	34624548	promoter	promoter_deletion	Os01g0814100|OsLTPG1	no
IR64	1	34626999	34627094	DEL	DEL	DEL	34626999	intron	intronic_deletion	Os01g0814100|OsLTPG1	no
IR64	1	34749719	34761089	DEL	DEL	DEL	34749719	promoter	promoter_deletion	Os01g0816850|.	no
IR64	1	34779620	34780230	DEL	DEL	DEL	34779620	intron	intronic_deletion	Os01g0817100|.	no
IR64	1	34782279	34782544	DEL	DEL	DEL	34782279	promoter	promoter_deletion	Os01g0817100|.	no
IR64	1	34786672	34788072	DEL	DEL	DEL	34786672	promoter	promoter_deletion	Os01g0817400|OsCHX17	no
IR64	1	34833683	34833733	DUP	DUP	DUP	34833683	promoter	promoter_duplication	Os01g0818000|OsPILS6a	no
IR64	1	34920401	34934412	DEL	DEL	INS+DEL+INS+DEL	34920401	promoter	promoter_deletion	Os01g0819433|.	no
IR64	1	34942783	34943063	DEL	DEL	DEL	34942783	promoter	promoter_deletion	Os01g0819466|.	no
IR64	1	34942783	34943063	DEL	DEL	DEL	34942783	promoter	promoter_deletion	Os01g0819700|.	no
IR64	1	34942811	34943081	DEL	DEL	INS+DEL+INS+DEL	34920401	promoter	promoter_deletion	Os01g0819466|.	no
IR64	1	34942811	34943081	DEL	DEL	INS+DEL+INS+DEL	34920401	promoter	promoter_deletion	Os01g0819700|.	no
IR64	1	34996219	34996274	DEL	DEL	DEL	34996219	promoter	promoter_deletion	Os01g0820700|OsWRKY116	no
IR64	1	35000842	35000918	DEL	DEL	DEL	35000842	intron	intronic_deletion	Os01g0820700|OsWRKY116	no
IR64	1	35035858	35048999	DEL	DEL	INS+DEL	35035858	promoter	promoter_deletion	Os01g0821300|OsWRKY108	no
IR64	1	35115456	35118816	DEL	DEL	DEL	35115456	CDS(coding)	truncated_gene	Os01g0822501|.	no
IR64	1	35188522	35188862	DEL	DEL	DEL	35188522	promoter	promoter_deletion	Os01g0823900|OsPUB3	no
IR64	1	35324563	35324863	DEL	DEL	DEL	35324563	intron	intronic_deletion	Os01g0825800|OsATL7	no
IR64	1	35443217	35456597	DEL	DEL	DEL	35443217	promoter	promoter_deletion	Os01g0828400|.	no
IR64	1	35472896	35485677	DEL	DEL	INS+DEL	35472896	CDS(coding)	deleted_gene	Os01g0828900|G1L7	no
IR64	1	35472896	35485677	DEL	DEL	INS+DEL	35472896	CDS(coding)	deleted_gene	Os01g0829000|MRL7	no
IR64	1	35472896	35485677	DEL	DEL	INS+DEL	35472896	CDS(coding)	deleted_gene	Os01g0829100|.	no
IR64	1	35472896	35485677	DEL	DEL	INS+DEL	35472896	CDS(coding)	deleted_gene	Os01g0829183|.	no
IR64	1	35472896	35485677	DEL	DEL	INS+DEL	35472896	CDS(coding)	truncated_gene	Os01g0829266|.	no
IR64	1	35590076	35590896	DEL	DEL	DEL	35590076	promoter	promoter_deletion	Os01g0831300|OsAMT2	no
IR64	1	35596096	35596776	DEL	DEL	DEL	35596096	promoter	promoter_deletion	Os01g0831950|.	no
IR64	1	35664166	35664217	DEL	DEL	DEL	35664166	promoter	promoter_deletion	Os01g0833100|.	no
IR64	1	35668105	35680945	DEL	DEL	DEL	35668105	promoter	promoter_deletion	Os01g0833150|P0460C04.19	no
IR64	1	35668105	35680945	DEL	DEL	DEL	35668105	promoter	promoter_deletion	Os01g0833200|.	no
IR64	1	35750700	35751700	DEL	DEL	DEL	35750700	promoter	promoter_deletion	Os01g0834250|.	no
IR64	1	35778099	35778199	DEL	DEL	DEL	35778099	promoter	promoter_deletion	Os01g0834800|.	no
IR64	1	35789644	35789755	DUP	DUP	DUP	35789644	CDS(coding)	duplicated_gene	Os01g0835000|.	no
IR64	1	35789644	35789755	DUP	DUP	DUP	35789644	CDS(coding)	duplicated_gene	Os01g0835083|.	no
IR64	1	35955897	35956002	DEL	DEL	DEL	35955897	promoter	promoter_deletion	Os01g0838300|.	no
IR64	1	36037413	36038623	DEL	DEL	DEL	36037413	promoter	promoter_deletion	Os01g0840100|OsMed37_1	no
IR64	1	36040289	36040497	DEL	DEL	DEL	36040289	intron	intronic_deletion	Os01g0840100|OsMed37_1	no
IR64	1	36336959	36337053	DEL	DEL	DEL	36336959	promoter	promoter_deletion	Os01g0846000|.	no
IR64	1	36411500	36411830	DEL	DEL	DEL	36411500	intron	intronic_deletion	Os01g0847700|AKR2	no
IR64	1	36471861	36472731	DEL	DEL	INS+DEL	36471861	promoter	promoter_deletion	Os01g0848700|OsSTA36	no
IR64	1	36609948	36614928	DEL	DEL	DEL	36609948	promoter	promoter_deletion	Os01g0850400|R2R3-MYB	no
IR64	1	36724172	36724224	DEL	DEL	DEL	36724172	promoter	promoter_deletion	Os01g0852500|.	no
IR64	1	36727365	36731236	DEL	DEL	INS+DEL	36727365	CDS(coding)	deleted_gene	Os01g0852650|.	no
IR64	1	36727365	36731236	DEL	DEL	INS+DEL	36727365	CDS(coding)	deleted_gene	Os01g0852800|.	no
IR64	1	36937771	36937843	DUP	DUP	DUP	36937771	intron	duplicated_gene	Os01g0855400|.	no
IR64	1	36996318	36996487	DEL	DEL	DEL	36996318	promoter	promoter_deletion	Os01g0856500|OsLAX1	no
IR64	1	37036098	37036186	DEL	DEL	DEL	37036098	promoter	promoter_deletion	Os01g0857200|.	no
IR64	1	37094685	37096146	DEL	DEL	INS+DEL	37094685	CDS(coding)	truncated_gene	Os01g0858200|.	no
IR64	1	37128147	37132977	DEL	DEL	DEL	37128147	promoter	promoter_deletion	Os01g0858900|STLP1	no
IR64	1	37193090	37193142	DEL	DEL	DEL	37193090	intron	intronic_deletion	Os01g0859600|OsFbox049	no
IR64	1	37257656	37268846	DEL	DEL	DEL	37257656	promoter	promoter_deletion	Os01g0860800|P0489B03.44-1	no
IR64	1	37281605	37281709	DEL	DEL	DEL	37281605	promoter	promoter_deletion	Os01g0861000|.	no
IR64	1	37348070	37350870	DEL	DEL	DEL	37348070	CDS(coding)	truncated_gene	Os01g0863100|.	no
IR64	1	37356214	37356804	DEL	DEL	DEL	37356214	promoter	promoter_deletion	Os01g0863166|.	no
IR64	1	37356214	37356804	DEL	DEL	DEL	37356214	promoter	promoter_deletion	Os01g0863300|.	no
IR64	1	37551705	37551757	DEL	DEL	DEL	37551705	promoter	promoter_deletion	Os01g0867200|.	no
IR64	1	37622188	37622409	DEL	DEL	DEL	37622188	promoter	promoter_deletion	Os01g0868200|.	no
IR64	1	37630606	37630673	DEL	DEL	DEL	37630606	intron	intronic_deletion	Os01g0868400|.	no
IR64	1	37630606	37630673	DEL	DEL	DEL	37630606	intron	intronic_deletion	Os01g0868300|OSPOLA	no
IR64	1	37644273	37644559	DEL	DEL	DEL	37644273	promoter	promoter_deletion	Os01g0868550|.	no
IR64	1	37684930	37685208	DEL	DEL	DEL	37684930	promoter	promoter_deletion	Os01g0869400|.	no
IR64	1	37684930	37685208	DEL	DEL	DEL	37684930	promoter	promoter_deletion	Os01g0869550|.	no
IR64	1	37694056	37696716	DEL	DEL	DEL	37694056	CDS(coding)	deleted_gene	Os01g0869750|.	no
IR64	1	37747043	37747102	DEL	DEL	DEL	37747043	exon/UTR	utr_deletion	Os01g0870500|.	no
IR64	1	37799017	37800417	DEL	DEL	DEL	37799017	promoter	promoter_deletion	Os01g0871700|.	no
IR64	1	37809674	37810334	DEL	DEL	DEL	37809674	promoter	promoter_deletion	Os01g0871900|.	no
IR64	1	37813770	37814600	DEL	DEL	DEL	37813770	promoter	promoter_deletion	Os01g0872000|.	no
IR64	1	37858938	37859688	DEL	DEL	INS+DEL	37858938	promoter	promoter_deletion	Os01g0872800|PDK1	no
IR64	1	37859808	37860618	invDUP	DUP	invDUP+INS+INV+DEL	37859808	exon/UTR	duplicated_gene	Os01g0872900|.	yes
IR64	1	37860648	37861968	INV	INV	invDUP+INS+INV+DEL	37859808	CDS(coding)	inversion_breakpoint	Os01g0872900|.	yes
IR64	1	37861998	37863768	DEL	DEL	invDUP+INS+INV+DEL	37859808	CDS(coding)	deleted_gene	Os01g0873000|.	yes
IR64	1	37959182	37959324	DEL	DEL	DEL	37959182	promoter	promoter_deletion	Os01g0874800|P0698A10.12-1	no
IR64	1	38143168	38143528	DEL	DEL	DEL	38143168	promoter	promoter_deletion	Os01g0878800|.	no
IR64	1	38210314	38210390	DEL	DEL	DEL	38210314	intron	intronic_deletion	Os01g0880300|OsPME7	no
IR64	1	38210314	38210390	DEL	DEL	DEL	38210314	intron	intronic_deletion	Os01g0880350|.	no
IR64	1	38269649	38273189	DEL	DEL	DEL	38269649	promoter	promoter_deletion	Os01g0881800|.	no
IR64	1	38293843	38294133	DEL	DEL	DEL	38293843	promoter	promoter_deletion	Os01g0882200|.	no
IR64	1	38309153	38309215	DUP	DUP	DUP+INS	38309153	promoter	promoter_duplication	Os01g0882500|.	no
IR64	1	38309153	38309215	DUP	DUP	DUP+INS	38309153	promoter	promoter_duplication	Os01g0882900|.	no
IR64	1	38313992	38314106	DEL	DEL	DEL	38313992	promoter	promoter_deletion	Os01g0882800|OsAAP11E	no
IR64	1	38382763	38383133	DEL	DEL	DEL	38382763	CDS(coding)	truncated_gene	Os01g0883800|C20ox2	no
IR64	1	38382763	38383133	DEL	DEL	DEL	38382763	CDS(coding)	truncated_gene	Os01g0883850|.	no
IR64	1	38400062	38400283	DEL	DEL	DEL	38400062	intron	intronic_deletion	Os01g0884300|OsNAC6	no
IR64	1	38446121	38446195	DEL	DEL	DEL	38446121	CDS(coding)	truncated_gene	Os01g0885000|.	no
IR64	1	38504828	38504960	DEL	DEL	DEL	38504828	exon/UTR	utr_deletion	Os01g0886200|OsMADS21	no
IR64	1	38514903	38515373	DEL	DEL	DEL	38514903	exon/UTR	utr_deletion	Os01g0886350|.	no
IR64	1	38517078	38517130	DEL	DEL	DEL	38517078	promoter	promoter_deletion	Os01g0886350|.	no
IR64	1	38547384	38547476	DUP	DUP	DUP	38547384	intron	duplicated_gene	Os01g0887400|.	no
IR64	1	38548441	38554081	DEL	DEL	DEL	38548441	intron	intronic_deletion	Os01g0887400|.	no
IR64	1	38565295	38565605	DEL	DEL	DEL	38565295	promoter	promoter_deletion	Os01g0887550|.	no
IR64	1	38659464	38659521	DEL	DEL	DEL	38659464	exon/UTR	utr_deletion	Os01g0889200|.	no
IR64	1	38675186	38675296	DEL	DEL	DEL	38675186	promoter	promoter_deletion	Os01g0889400|CRL1L3	no
IR64	1	38690933	38691025	DEL	DEL	DEL	38690933	intron	intronic_deletion	Os01g0889900|.	no
IR64	1	38825670	38840431	DEL	DEL	INS+DEL	38825670	promoter	promoter_deletion	Os01g0893300|.	no
IR64	1	38841104	38841254	DEL	DEL	INS+DEL	38841104	promoter	promoter_deletion	Os01g0893300|.	no
IR64	1	38856164	38859614	DEL	DEL	DEL	38856164	intron	intronic_deletion	Os01g0893700|.	no
IR64	1	38860275	38861615	DEL	DEL	DEL	38860275	promoter	promoter_deletion	Os01g0893700|.	no
IR64	1	38863287	38864048	DEL	DEL	INS+DEL	38863287	exon/UTR	utr_deletion	Os01g0894000|.	no
IR64	1	38868059	38874689	DEL	DEL	DEL	38868059	CDS(coding)	deleted_gene	Os01g0894050|.	no
IR64	1	38868059	38874689	DEL	DEL	DEL	38868059	CDS(coding)	deleted_gene	Os01g0894075|.	no
IR64	1	38868059	38874689	DEL	DEL	DEL	38868059	CDS(coding)	deleted_gene	Os01g0894100|.	no
IR64	1	38927482	38927639	DEL	DEL	DEL	38927482	promoter	promoter_deletion	Os01g0895500|OsRhmbd5	no
IR64	1	38934225	38934339	DEL	DEL	DEL	38934225	intron	intronic_deletion	Os01g0895600|.	no
IR64	1	38935662	38937523	DEL	DEL	INS+DEL	38935662	promoter	promoter_deletion	Os01g0895600|.	no
IR64	1	38961205	38961345	DEL	DEL	DEL	38961205	promoter	promoter_deletion	Os01g0896400|P0696G06.26	no
IR64	1	38986030	38986106	DEL	DEL	DEL	38986030	promoter	promoter_deletion	Os01g0897000|CDKB	no
IR64	1	38986030	38986106	DEL	DEL	DEL	38986030	promoter	promoter_deletion	Os01g0897100|.	no
IR64	1	39026637	39026715	DEL	DEL	DEL	39026637	intron	intronic_deletion	Os01g0897800|OsRad21	no
IR64	1	39061878	39061944	DEL	DEL	DEL	39061878	promoter	promoter_deletion	Os01g0898400|.	no
IR64	1	39078810	39078875	DEL	DEL	DEL	39078810	promoter	promoter_deletion	Os01g0898800|.	no
IR64	1	39115321	39117011	DEL	DEL	DEL	39115321	promoter	promoter_deletion	Os01g0899350|.	no
IR64	1	39115321	39117011	DEL	DEL	DEL	39115321	promoter	promoter_deletion	Os01g0899387|.	no
IR64	1	39179273	39182903	INV	INV	INV+INS+DEL	39179273	promoter	promoter_inversion	Os01g0900300|.	no
IR64	1	39203228	39203384	DEL	DEL	DEL	39203228	exon/UTR	utr_deletion	Os01g0900750|.	no
IR64	1	39305957	39307397	DEL	DEL	DEL	39305957	promoter	promoter_deletion	Os01g0902700|B1065G12.20	no
IR64	1	39310486	39311096	DEL	DEL	DEL	39310486	exon/UTR	utr_deletion	Os01g0902700|B1065G12.20	no
IR64	1	39324062	39327902	DEL	DEL	invDUP+INV+DEL	39322982	CDS(coding)	truncated_gene	Os01g0903100|.	yes
IR64	1	39329834	39335295	DEL	DEL	INS+DEL	39329834	CDS(coding)	truncated_gene	Os01g0903100|.	no
IR64	1	39335576	39341846	DEL	DEL	DEL	39335576	CDS(coding)	truncated_gene	Os01g0903800|.	no
IR64	1	39403052	39407732	DEL	DEL	DEL	39403052	promoter	promoter_deletion	Os01g0905200|OsEXO70FX15	no
IR64	1	39419536	39420306	DEL	DEL	DEL	39419536	promoter	promoter_deletion	Os01g0905400|.	no
IR64	1	39419536	39420306	DEL	DEL	DEL	39419536	promoter	promoter_deletion	Os01g0905500|.	no
IR64	1	39428537	39428867	DEL	DEL	DEL	39428537	promoter	promoter_deletion	Os01g0905700|.	no
IR64	1	39519023	39521653	DEL	DEL	DEL	39519023	promoter	promoter_deletion	Os01g0907900|PLA2	no
IR64	1	39533286	39533476	DEL	DEL	INS+DEL	39533286	promoter	promoter_deletion	Os01g0908001|.	no
IR64	1	39571297	39571521	DUP	DUP	DUP	39571297	promoter	promoter_duplication	Os01g0908700|OsRFP	no
IR64	1	39666705	39666808	DEL	DEL	DEL	39666705	intron	intronic_deletion	Os01g0910400|.	no
IR64	1	39670097	39670198	DEL	DEL	DEL	39670097	intron	intronic_deletion	Os01g0910400|.	no
IR64	1	39670097	39670198	DEL	DEL	DEL	39670097	intron	intronic_deletion	Os01g0910450|.	no
IR64	1	39672497	39672607	DEL	DEL	INS+DEL	39672497	promoter	promoter_deletion	Os01g0910500|.	no
IR64	1	39672945	39673197	DEL	DEL	DEL	39672945	promoter	promoter_deletion	Os01g0910500|.	no
IR64	1	39688353	39688422	DEL	DEL	DEL	39688353	exon/UTR	utr_deletion	Os01g0911100|OsRH30	no
IR64	1	39695415	39695506	DEL	DEL	DEL	39695415	promoter	promoter_deletion	Os01g0911200|RPN2	no
IR64	1	39695675	39695725	DEL	DEL	DEL	39695675	promoter	promoter_deletion	Os01g0911200|RPN2	no
IR64	1	39793218	39793290	DEL	DEL	DEL	39793218	promoter	promoter_deletion	Os01g0913000|OsTRXh10	no
IR64	1	39835431	39835751	DEL	DEL	DEL	39835431	promoter	promoter_deletion	Os01g0914100|OsLTPd1	no
IR64	1	39977224	39980614	DEL	DEL	DEL	39977224	promoter	promoter_deletion	Os01g0916800|.	no
IR64	1	40061164	40061233	DUP	DUP	DUP	40061164	promoter	promoter_duplication	Os01g0918100|.	no
IR64	1	40062699	40063029	DEL	DEL	DEL	40062699	intron	intronic_deletion	Os01g0918200|.	no
IR64	1	40075445	40078365	DEL	DEL	DEL	40075445	promoter	promoter_deletion	Os01g0918500|OsCPR5-1	no
IR64	1	40091892	40093092	DEL	DEL	DEL	40091892	promoter	promoter_deletion	Os01g0919100|OsFRDL4	no
IR64	1	40195942	40199902	DEL	DEL	DEL	40195942	intron	intronic_deletion	Os01g0920700|.	no
IR64	1	40210007	40210068	DEL	DEL	DEL	40210007	promoter	promoter_deletion	Os01g0921000|OJ1485_B09.2	no
IR64	1	40348993	40359703	DEL	DEL	DEL	40348993	intron	intronic_deletion	Os01g0922800|MADS51	no
IR64	1	40383685	40383859	DEL	DEL	DEL	40383685	promoter	promoter_deletion	Os01g0923300|OsCBSCBSPB1	no
IR64	1	40420880	40523681	DEL	DEL	INS+DEL	40420880	CDS(coding)	deleted_gene	Os01g0923800|OsDjC14	no
IR64	1	40420880	40523681	DEL	DEL	INS+DEL	40420880	CDS(coding)	deleted_gene	Os01g0923900|OsFbox053	no
IR64	1	40420880	40523681	DEL	DEL	INS+DEL	40420880	CDS(coding)	deleted_gene	Os01g0923950|.	no
IR64	1	40420880	40523681	DEL	DEL	INS+DEL	40420880	CDS(coding)	deleted_gene	Os01g0924000|RPL27	no
IR64	1	40420880	40523681	DEL	DEL	INS+DEL	40420880	CDS(coding)	deleted_gene	Os01g0924200|.	no
IR64	1	40420880	40523681	DEL	DEL	INS+DEL	40420880	CDS(coding)	deleted_gene	Os01g0924300|OsWD40-29	no
IR64	1	40420880	40523681	DEL	DEL	INS+DEL	40420880	CDS(coding)	deleted_gene	Os01g0924400|OsTCP6	no
IR64	1	40420880	40523681	DEL	DEL	INS+DEL	40420880	CDS(coding)	deleted_gene	Os01g0924500|.	no
IR64	1	40420880	40523681	DEL	DEL	INS+DEL	40420880	CDS(coding)	deleted_gene	Os01g0924600|.	no
IR64	1	40420880	40523681	DEL	DEL	INS+DEL	40420880	CDS(coding)	deleted_gene	Os01g0924700|.	no
IR64	1	40420880	40523681	DEL	DEL	INS+DEL	40420880	CDS(coding)	deleted_gene	Os01g0924800|.	no
IR64	1	40420880	40523681	DEL	DEL	INS+DEL	40420880	CDS(coding)	deleted_gene	Os01g0924900|BIP112	no
IR64	1	40420880	40523681	DEL	DEL	INS+DEL	40420880	CDS(coding)	deleted_gene	Os01g0924933|DPW2	no
IR64	1	40542742	40542799	DEL	DEL	DEL	40542742	intron	intronic_deletion	Os01g0925000|.	no
IR64	1	40545767	40545904	DEL	DEL	DEL	40545767	intron	intronic_deletion	Os01g0925000|.	no
IR64	1	40554800	40554881	DEL	DEL	DEL	40554800	promoter	promoter_deletion	Os01g0925000|.	no
IR64	1	40555126	40555926	DEL	DEL	DEL	40555126	promoter	promoter_deletion	Os01g0925000|.	no
IR64	1	40558577	40559968	DEL	DEL	INS+DEL+INS+DEL	40558577	exon/UTR	utr_deletion	Os01g0925100|.	no
IR64	1	40560177	40560777	DEL	DEL	INS+DEL+INS+DEL	40558577	CDS(coding)	truncated_gene	Os01g0925100|.	no
IR64	1	40561558	40562119	DEL	DEL	INS+DEL	40561558	promoter	promoter_deletion	Os01g0925100|.	no
IR64	1	40561558	40562119	DEL	DEL	INS+DEL	40561558	promoter	promoter_deletion	Os01g0925200|P0482D04.4	no
IR64	1	40562327	40563567	DEL	DEL	INS+DEL	40562327	exon/UTR	utr_deletion	Os01g0925200|P0482D04.4	no
IR64	1	40564320	40564566	DEL	DEL	DEL	40564320	intron	intronic_deletion	Os01g0925200|P0482D04.4	no
IR64	1	40565194	40565369	DEL	DEL	DEL	40565194	intron	intronic_deletion	Os01g0925200|P0482D04.4	no
IR64	1	40566530	40566582	DEL	DEL	DEL	40566530	promoter	promoter_deletion	Os01g0925350|.	no
IR64	1	40606668	40606726	DEL	DEL	DEL	40606668	promoter	promoter_deletion	Os01g0926200|OsRFP	no
IR64	1	40652107	40652330	DEL	DEL	DEL	40652107	promoter	promoter_deletion	Os01g0927000|SDG714	no
IR64	1	40653249	40653488	DEL	DEL	DEL	40653249	promoter	promoter_deletion	Os01g0927000|SDG714	no
IR64	1	40731289	40731525	DEL	DEL	DEL	40731289	promoter	promoter_deletion	Os01g0928100|.	no
IR64	1	40737158	40737239	DEL	DEL	DEL	40737158	promoter	promoter_deletion	Os01g0928200|.	no
IR64	1	40737158	40737239	DEL	DEL	DEL	40737158	promoter	promoter_deletion	Os01g0928300|.	no
IR64	1	40745109	40745183	DUP	DUP	DUP	40745109	intron	duplicated_gene	Os01g0928400|.	no
IR64	1	40799042	40799093	DEL	DEL	DEL	40799042	promoter	promoter_deletion	Os01g0929800|.	no
IR64	1	40799042	40799093	DEL	DEL	DEL	40799042	promoter	promoter_deletion	Os01g0929600|RTS	no
IR64	1	40850281	40850368	DEL	DEL	DEL	40850281	promoter	promoter_deletion	Os01g0930950|.	no
IR64	1	40862305	40862362	DEL	DEL	DEL	40862305	promoter	promoter_deletion	Os01g0931100|.	no
IR64	1	40903724	40903843	DEL	DEL	DEL	40903724	intron	intronic_deletion	Os01g0932500|OsHAK6	no
IR64	1	40937583	40941333	DEL	DEL	DEL	40937583	CDS(coding)	deleted_gene	Os01g0933400|.	no
IR64	1	40971869	40971979	DEL	DEL	DEL	40971869	promoter	promoter_deletion	Os01g0934000|OsATG18c	no
IR64	1	41030599	41035969	DEL	DEL	DEL	41030599	promoter	promoter_deletion	Os01g0935200|OsHAP3G	no
IR64	1	41059037	41059098	DEL	DEL	DEL	41059037	promoter	promoter_deletion	Os01g0935400|.	no
IR64	1	41094136	41094357	DEL	DEL	DEL	41094136	promoter	promoter_deletion	Os01g0936100|OsRLCK55	no
IR64	1	41143284	41143436	DEL	DEL	INS+DEL	41143284	CDS(coding)	truncated_gene	Os01g0937100|.	no
IR64	1	41143999	41144054	DEL	DEL	DEL	41143999	promoter	promoter_deletion	Os01g0937100|.	no
IR64	1	41192567	41192897	DEL	DEL	DEL	41192567	promoter	promoter_deletion	Os01g0938200|.	no
IR64	1	41239365	41239885	DEL	DEL	DEL	41239365	promoter	promoter_deletion	Os01g0939400|.	no
IR64	1	41400625	41400835	DEL	DEL	DEL	41400625	promoter	promoter_deletion	Os01g0942300|OsEGL2	no
IR64	1	41402175	41533176	DEL	DEL	INS+DEL	41402175	CDS(coding)	deleted_gene	Os01g0942900|.	no
IR64	1	41402175	41533176	DEL	DEL	INS+DEL	41402175	CDS(coding)	deleted_gene	Os01g0943000|.	no
IR64	1	41402175	41533176	DEL	DEL	INS+DEL	41402175	CDS(coding)	deleted_gene	Os01g0943100|.	no
IR64	1	41402175	41533176	DEL	DEL	INS+DEL	41402175	CDS(coding)	deleted_gene	Os01g0943400|.	no
IR64	1	41402175	41533176	DEL	DEL	INS+DEL	41402175	CDS(coding)	deleted_gene	Os01g0943700|.	no
IR64	1	41402175	41533176	DEL	DEL	INS+DEL	41402175	CDS(coding)	deleted_gene	Os01g0943800|.	no
IR64	1	41402175	41533176	DEL	DEL	INS+DEL	41402175	CDS(coding)	deleted_gene	Os01g0943900|.	no
IR64	1	41402175	41533176	DEL	DEL	INS+DEL	41402175	CDS(coding)	deleted_gene	Os01g0943950|.	no
IR64	1	41402175	41533176	DEL	DEL	INS+DEL	41402175	CDS(coding)	deleted_gene	Os01g0944000|.	no
IR64	1	41402175	41533176	DEL	DEL	INS+DEL	41402175	CDS(coding)	deleted_gene	Os01g0944100|P0614D08.13-1	no
IR64	1	41402175	41533176	DEL	DEL	INS+DEL	41402175	CDS(coding)	deleted_gene	Os01g0944200|.	no
IR64	1	41402175	41533176	DEL	DEL	INS+DEL	41402175	CDS(coding)	deleted_gene	Os01g0944500|.	no
IR64	1	41534907	41535144	DEL	DEL	DEL	41534907	intron	intronic_deletion	Os01g0944700|OsPR2	no
IR64	1	41564922	41571552	DEL	DEL	DEL	41564922	CDS(coding)	truncated_gene	Os01g0945600|OsBAT5	no
IR64	1	41564922	41571552	DEL	DEL	DEL	41564922	CDS(coding)	truncated_gene	Os01g0945666|.	no
IR64	1	41564922	41571552	DEL	DEL	DEL	41564922	CDS(coding)	truncated_gene	Os01g0945650|.	no
IR64	1	41564922	41571552	DEL	DEL	DEL	41564922	CDS(coding)	truncated_gene	Os01g0945700|OsBAT6	no
IR64	1	41604651	41604831	DEL	DEL	INS+DEL	41604651	CDS(coding)	truncated_gene	Os01g0946700|OsGLN1	no
IR64	1	41604651	41604831	DEL	DEL	INS+DEL	41604651	CDS(coding)	truncated_gene	Os01g0946850|.	no
IR64	1	41604993	41610543	DEL	DEL	DEL	41604993	CDS(coding)	truncated_gene	Os01g0946850|.	no
IR64	1	41613433	41628704	DEL	DEL	INS+DEL	41613433	CDS(coding)	deleted_gene	Os01g0946800|.	no
IR64	1	41631580	41691081	DEL	DEL	INS+DEL	41631580	CDS(coding)	truncated_gene	Os01g0947000|.	no
IR64	1	41631580	41691081	DEL	DEL	INS+DEL	41631580	CDS(coding)	deleted_gene	Os01g0947500|.	no
IR64	1	41631580	41691081	DEL	DEL	INS+DEL	41631580	CDS(coding)	deleted_gene	Os01g0947700|Osg1	no
IR64	1	41631580	41691081	DEL	DEL	INS+DEL	41631580	CDS(coding)	deleted_gene	Os01g0947767|.	no
IR64	1	41631580	41691081	DEL	DEL	INS+DEL	41631580	CDS(coding)	deleted_gene	Os01g0947800|.	no
IR64	1	41631580	41691081	DEL	DEL	INS+DEL	41631580	CDS(coding)	deleted_gene	Os01g0947833|.	no
IR64	1	41721843	41722183	DEL	DEL	DEL	41721843	promoter	promoter_deletion	Os01g0948400|OsP5CR	no
IR64	1	41788823	41811143	DEL	DEL	DEL	41788823	promoter	promoter_deletion	Os01g0949060|B1147A04.4-2	no
IR64	1	41814674	41814751	DEL	DEL	DEL	41814674	intron	intronic_deletion	Os01g0949220|.	no
IR64	1	41843135	41843190	DEL	DEL	DEL	41843135	promoter	promoter_deletion	Os01g0949800|OsGSTU36	no
IR64	1	41853333	41853405	DEL	DEL	DEL	41853333	promoter	promoter_deletion	Os01g0950300|OsGSTU42	no
IR64	1	41953709	41954439	DEL	DEL	DEL	41953709	promoter	promoter_deletion	Os01g0952600|.	no
IR64	1	41958243	41958308	DEL	DEL	DEL	41958243	intron	intronic_deletion	Os01g0952600|.	no
IR64	1	41971187	41971718	DEL	DEL	INS+DEL	41971187	exon/UTR	utr_deletion	Os01g0952800|OsIRO2	no
IR64	1	42073624	42074114	DEL	DEL	DEL	42073624	promoter	promoter_deletion	Os01g0955050|.	no
IR64	1	42078122	42078178	DEL	DEL	DEL	42078122	promoter	promoter_deletion	Os01g0955500|OsCML19	no
IR64	1	42094341	42094448	DEL	DEL	DEL	42094341	intron	intronic_deletion	Os01g0955700|OsCLT1	no
IR64	1	42137184	42137725	DEL	DEL	INS+DEL	42137184	promoter	promoter_deletion	Os01g0956500|.	no
IR64	1	42283877	42285267	DEL	DEL	DEL	42283877	promoter	promoter_deletion	Os01g0959100|Asr3	no
IR64	1	42302186	42302866	DEL	DEL	DEL	42302186	exon/UTR	utr_deletion	Os01g0959750|.	no
IR64	1	42336949	42337680	DEL	DEL	INS+DEL	42336949	intron	intronic_deletion	Os01g0960400|P0401G10.25-1	no
IR64	1	42368194	42368365	DEL	DEL	DEL	42368194	promoter	promoter_deletion	Os01g0961000|.	no
IR64	1	42385415	42385475	DEL	DEL	DEL	42385415	promoter	promoter_deletion	Os01g0961300|.	no
IR64	1	42385433	42385503	DEL	DEL	DEL	42385433	promoter	promoter_deletion	Os01g0961300|.	no
IR64	1	42400920	42401022	DEL	DEL	DEL	42400920	exon/UTR	utr_deletion	Os01g0961600|.	no
IR64	1	42400966	42401026	DEL	DEL	DEL	42400966	exon/UTR	utr_deletion	Os01g0961600|.	no
IR64	1	42428825	42428901	DEL	DEL	INS+DEL	42428825	promoter	promoter_deletion	Os01g0962600|RPS10	no
IR64	1	42428825	42428901	DEL	DEL	INS+DEL	42428825	promoter	promoter_deletion	Os01g0962700|prx20	no
IR64	1	42458713	42458774	DUP	DUP	DUP	42458713	promoter	promoter_duplication	Os01g0963600|OsAsr2	no
IR64	1	42539933	42540040	DEL	DEL	INS+DEL	42539933	promoter	promoter_deletion	Os01g0964800|.	no
IR64	1	42561645	42562755	DEL	DEL	DEL	42561645	exon/UTR	deleted_gene	Os01g0965201|.	no
IR64	1	42569544	42569596	DEL	DEL	DEL	42569544	intron	intronic_deletion	Os01g0965500|OsSET6	no
IR64	1	42612751	42613501	DEL	DEL	DEL	42612751	promoter	promoter_deletion	Os01g0966300|.	no
IR64	1	42655791	42685972	DEL	DEL	INS+DEL	42655791	CDS(coding)	deleted_gene	Os01g0967400|.	no
IR64	1	42655791	42685972	DEL	DEL	INS+DEL	42655791	CDS(coding)	deleted_gene	Os01g0967600|.	no
IR64	1	42655791	42685972	DEL	DEL	INS+DEL	42655791	CDS(coding)	deleted_gene	Os01g0967700|.	no
IR64	1	42655791	42685972	DEL	DEL	INS+DEL	42655791	CDS(coding)	truncated_gene	Os01g0967800|.	no
IR64	1	42693280	42694800	DEL	DEL	DEL	42693280	intron	intronic_deletion	Os01g0967900|.	no
IR64	1	42699557	42699612	DEL	DEL	DEL	42699557	promoter	promoter_deletion	Os01g0968000|.	no
IR64	1	42701496	42701866	DEL	DEL	DEL	42701496	promoter	promoter_deletion	Os01g0968100|.	no
IR64	1	42702742	42703902	DEL	DEL	INS+DEL	42702742	promoter	promoter_deletion	Os01g0968100|.	no
IR64	1	42706050	42706134	DEL	DEL	DEL	42706050	promoter	promoter_deletion	Os01g0968300|.	no
IR64	1	42706050	42706134	DEL	DEL	DEL	42706050	promoter	promoter_deletion	Os01g0968200|.	no
IR64	1	42708753	42709663	DEL	DEL	DEL	42708753	promoter	promoter_deletion	Os01g0968350|.	no
IR64	1	42708753	42709663	DEL	DEL	DEL	42708753	promoter	promoter_deletion	Os01g0968400|OJ1656_A11.12	no
IR64	1	42744069	42744155	DEL	DEL	DEL	42744069	promoter	promoter_deletion	Os01g0969100|.	no
IR64	1	42959854	42959957	DEL	DEL	DEL	42959854	promoter	promoter_deletion	Os01g0973100|.	no
IR64	1	43026367	43039297	DEL	DEL	DEL	43026367	promoter	promoter_deletion	ENSRNA049441495|tRNA-Ile	no
IR64	1	43026367	43039297	DEL	DEL	DEL	43026367	promoter	promoter_deletion	Os01g0974000|OsABCI11	no
IR64	1	43067242	43067309	DEL	DEL	DEL	43067242	intron	intronic_deletion	Os01g0974500|.	no
IR64	1	43081139	43081367	DEL	DEL	DEL	43081139	promoter	promoter_deletion	Os01g0975000|OsDSR3	no
IR64	1	43110675	43112075	DEL	DEL	DEL	43110675	promoter	promoter_deletion	Os01g0975800|OsMADS79	no
IR64	1	43134642	43134722	DEL	DEL	INS+DEL	43134642	promoter	promoter_deletion	Os01g0976100|OsABCB8	no
IR64	1	43138657	43139278	DEL	DEL	INS+DEL	43138657	promoter	promoter_deletion	Os01g0976200|.	no
IR64	1	43139736	43139884	DEL	DEL	DEL	43139736	promoter	promoter_deletion	Os01g0976300|.	no
IR64	1	43147055	43152185	DEL	DEL	DEL	43147055	CDS(coding)	truncated_gene	Os01g0976450|.	no
IR64	1	43147055	43152185	DEL	DEL	DEL	43147055	CDS(coding)	truncated_gene	Os01g0976475|.	no
IR64	1	43167230	43169661	DEL	DEL	INS+DEL	43167230	promoter	promoter_deletion	Os01g0976700|OsPP17	no
IR64	1	43172812	43172868	DEL	DEL	DEL	43172812	intron	intronic_deletion	Os01g0976800|OsGATA10	no
IR64	1	43179603	43183893	DEL	DEL	DEL	43179603	promoter	promoter_deletion	Os01g0976900|.	no
IR64	1	43179603	43183893	DEL	DEL	DEL	43179603	promoter	promoter_deletion	Os01g0977100|OsTET1	no
IR64	1	43184397	43184607	DEL	DEL	INS+DEL	43184397	promoter	promoter_deletion	Os01g0977100|OsTET1	no
IR64	1	43222259	43222474	DEL	DEL	DEL	43222259	promoter	promoter_deletion	Os01g0977901|.	no
IR64	1	43224731	43224936	DEL	DEL	DEL	43224731	promoter	promoter_deletion	Os01g0978000|OsUCP1	no
IR64	1	43245300	43248930	DEL	DEL	DEL	43245300	CDS(coding)	truncated_gene	Os01g0978400|OsCCR26	no
IR64	1	43245300	43248930	DEL	DEL	DEL	43245300	CDS(coding)	truncated_gene	Os01g0978500|.	no
